timeFrame,spX,spY,svX,svY,mpX,mpY,mvX,mvY,epX,epY,evX,evY
0,1.2925316890970602E11,7.381989902423772E10,-22342.812602930484,39120.60798588045,6.0697808E10,2.20896624E11,-22447.893142700195,8479.56371307373,1.29246328E11,7.3815992E10,-15247.064590454102,25756.78825378418
86399.99999999937,1.2724347294802458E11,7.677829511893541E10,-23390.964757062007,33952.322386831875,5.875388565432889E10,2.216208400856833E11,-22505.022148055858,8267.923481862932,1.2790820945027515E11,7.60323426448199E10,-15696.239504784346,25495.04582739108
172799.99999999357,1.2520391917490434E11,7.969930236999245E10,-23822.62616068565,33664.623069133646,5.680705817799663E10,2.2232604948852795E11,-22560.09636122954,8056.344790284113,1.2653282638255328E11,7.822353361719376E10,-16140.59084573734,25225.65553723787
259199.99999998775,1.2312689022815674E11,8.25954389826337E10,-24256.27694275846,33374.307730044115,5.485555835016233E10,2.2301297267038715E11,-22613.179361575254,7844.6343202138105,1.251192453820305E11,8.03911102343939E10,-16580.42729103958,24948.428972315345
345600.00000001,1.210125600877871E11,8.546612637499602E10,-24685.657826347422,33075.19211922445,5.2899557969024605E10,2.2368159901836472E11,-22664.27678598029,7632.809931445678,1.2366786264452136E11,8.253439852267271E10,-17015.607593781933,24663.437879749832
432000.0000000333,1.18861380467013E11,8.83105489603948E10,-25109.090028518487,32766.265685469163,5.0939228340263794E10,2.2433191945532053E11,-22713.39439786071,7420.889314094887,1.2217908652703558E11,8.465273082163214E10,-17445.991500485197,24370.756653539906
518400.0000000566,1.1667390647692729E11,9.112785092629306E10,-25525.683850735706,32447.41120267319,4.897474026625725E10,2.2496392642521628E11,-22760.53808377181,7208.889988869008,1.2065333745967029E11,8.674544601258209E10,-17871.43980380807,24070.462326730776
604800.0000000799,1.1445075801574551E11,9.391718017401413E10,-25934.79067705766,32118.788139464177,4.7006264035584854E10,2.255776138784986E11,-22805.713850064127,6996.82930738917,1.1909104785293953E11,8.881188974617671E10,-18291.814395474255,23762.634562453142
691200.0000001031,1.1219260599013441E11,9.667770419138548E10,-26335.86671908435,31780.676758951086,4.5033969412821785E10,2.2617297725750235E11,-22848.927819586115,6784.724452559913,1.1749266200051984E11,9.085141466922343E10,-18706.97831939134,23447.355643809133
777600.0000001264,1.0990016548964479E11,9.940861782637732E10,-26728.42881466322,31433.42476453272,4.305802562861341E10,2.2675001348189017E11,-22890.186228432492,6572.592438986072,1.1585863597740541E11,9.286338065057137E10,-19116.79582493501,23124.710462586558
864000.0000001497,1.0757419137500919E11,1.021091480130981E11,-27112.03783483841,31077.42463846073,4.107860137002999E10,2.2730872093413464E11,-22929.495422738844,6360.450113435571,1.1418943753344202E11,9.48471550059707E10,-19521.13242037114,22794.786506787557
950400.000000173,1.0521547480408331E11,1.0477855709221016E11,-27486.292023887294,30713.102053981453,3.9095864771195526E10,2.2784909944503555E11,-22966.861855523945,6148.314155346323,1.1248554598225182E11,9.68021127218028E10,-19919.85492638447,22457.67384695472
1036800.0000001963,1.0282484013531104E11,1.0741614535340646E11,-27850.824349722734,30340.90882988084,3.710998340418841E10,2.283711502792867E11,-23002.292083577217,5936.201077376059,1.1074745208552374E11,9.872763667757845E10,-20312.8315296871,22113.465121281366
1123200.000000119,1.0040314197562218E11,1.1002125306856754E11,-28205.301573254714,29961.317930568377,3.512112427020762E10,2.2887487612109186E11,-23035.79276439433,5724.127225993564,1.0897565793267024E11,1.0062311786709502E11,-20699.931836675194,21762.255519489932
1209600.0000000258,9.795126227252513E10,1.1259326214062758E11,-28549.42404818189,29574.81945794683,3.3129453791002983E10,2.2936028105983264E11,-23067.37065315932,5512.108782109998,1.0717067681584872E11,1.0248795561814699E11,-21081.026927102106,21404.14276546733
1295999.9999999327,9.547010740970854E10,1.1513159743070093E11,-28882.92578734235,29181.91715926865,3.113513780056366E10,2.2982737057579514E11,-23097.03259977322,5300.161761748801,1.05333033100346E11,1.0432155781068323E11,-21455.989407736455,21039.227098644034
1382399.9999998396,9.296060529423816E10,1.1763572779720792E11,-29205.574563938884,28783.12522803833,2.9138341537060696E10,2.3027615152594995E11,-23124.785545930445,5088.302016752929,1.0346326209032625E11,1.061233410932987E11,-21824.693465973094,20667.611254105366
1468799.9999997464,9.04237024380784E10,1.201051668672408E11,-29517.171927404383,28378.96529357061,2.7139229635041E10,2.3070663212980234E11,-23150.636522241457,4876.545235528336,1.0156190988995067E11,1.0789273109795558E11,-22187.014923362465,20289.40044142405
1555199.9999996533,8.786036104433006E10,1.2253947355419102E11,-29817.55307125583,27969.96355336095,2.513796611786804E10,2.311188219553026E11,-23174.592645403252,4664.906943821837,9.962953325988226E10,1.0962916265281721E11,-22542.831289024925,19904.702322206485
1641599.9999995602,8.52715561124635E10,1.2493825233314278E11,-30106.586522148325,27556.64803228157,2.313471439040356E10,2.3151273190482748E11,-23196.661115415893,4453.402505532586,9.766669946917288E10,1.113320799930867E11,-22892.0218129161,19513.626986341398
1727999.999999467,8.265827257862302E10,1.2730115328487729E11,-30384.173638134445,27139.545967935683,2.11296372319295E10,2.3188837420123325E11,-23216.849212846155,4242.047123555855,9.567398614256288E10,1.1300093696973766E11,-23234.46753890561,19116.286926945144
1814399.999999374,8.002150250756749E10,1.2962787191965593E11,-30650.247915865733,26719.181329068535,1.9122896789303307E10,2.322457623739828E11,-23235.164296138308,4030.8558406574484,9.365198110320204E10,1.1463519725602501E11,-23570.051357636094,18712.79701399659
1900799.9999992808,7.736224235247443E10,1.319181487927029E11,-30904.774114138767,26296.072477161597,1.7114654570343817E10,2.3258491124534933E11,-23251.61379897137,3819.843540378153,9.160128221081299E10,1.1623433455165839E11,-23898.658059124347,18303.27446665594
1987199.9999991877,7.468149029796693E10,1.3417176892422466E11,-31147.747206336106,25870.72998207861,1.5105071437443556E10,2.3290583691669742E11,-23266.205227661852,3609.0249479666363,8.95224971953241E10,1.1779783278452724E11,-24220.17438506824,17887.838824263155
2073599.9999990945,7.198024370047624E10,1.363885610377282E11,-31379.191177797256,25443.65460189788,1.30943076014035E10,2.3320855675485068E11,-23278.94615861445,3398.4146313397287,8.741624348599559E10,1.1932518630986597E11,-24534.489080820775,17466.61191601322
2159999.9999990016,6.92594966385514E10,1.3856839663120398E11,-31599.157686455485,25015.335435474157,1.108252261548554E10,2.3349308937853818E11,-23289.84423581765,3188.027002068958,8.528314803607231E10,1.2081590010673814E11,-24841.49294699594,17039.717829305908
2246399.9999989085,6.652023758409481E10,1.4071118889639148E11,-31807.724606478623,24586.248254203183,9.069875369679932E9,2.3375945464493237E11,-23298.907168385584,2977.8763163923504,8.312384714299406E10,1.2226948997173044E11,-25141.07889066583,16607.282876769088
2332799.9999988154,6.376344720374428E10,1.4281689150181342E11,-32004.994475355823,24156.854017156726,7.056524085183218E9,2.340076736362696E11,-23306.142728146016,2767.9766762500917,8.09389862642013E10,1.2368548270973993E11,-25433.141976110197,16169.435561956208
2419199.999998722,6.0990096297855316E10,1.4488549725550433E11,-32191.09286500459,23727.597571387523,5.042626309082214E9,2.342377686465679E11,-23311.558747272993,2558.342030343281,7.872921982857953E10,1.2506341632174313E11,-25717.57947508154,15726.306543719047
2505599.999998629,5.8201143882774124E10,1.4691703666344745E11,-32366.166697131135,23298.906536888648,3.028338909240487E9,2.344497631684316E11,-23315.16311596548,2348.986175214609,7.649521104357802E10,1.2640284018942242E11,-25994.29091654392,15278.02859925936
2591999.999998536,5.53975354203643E10,1.4891157639954633E11,-32530.382522367927,22871.19037350767,1.0138180693839769E9,2.3464368187995367E11,-23316.96378017077,2139.922756349951,7.423763169806001E10,1.2770331525655057E11,-26263.178135848226,14824.736585863466
2678399.999998443,5.258020119711101E10,1.5086921770268225E11,-32683.924781678263,22444.839625129112,-1.000780715619058E9,2.3481955063170844E11,-23316.968739352084,1931.1652692998123,7.19571619609276E10,1.289644142070105E11,-26524.14532330261,14366.567401324462
2764799.9999983497,4.975005485358075E10,1.5279009471590134E11,-32826.99406725717,22020.225334675848,-3.015302644286958E9,2.349773964338528E11,-23315.186044301154,1722.7270608198053,6.965449017557896E10,1.3018572163933653E11,-26777.09907209839,13903.659943059969
2851199.9999982566,4.6907992063586624E10,1.5467437278215457E11,-32959.80539871375,21597.69862197154,-5.029593612866519E9,2.351172474433161E11,-23311.623794994714,1514.6213300289467,6.733031265025181E10,1.3136683423767073E11,-27021.9484255527,13436.155065932795
2937599.9999981634,4.405488936111556E10,1.5652224671027094E11,-33082.58652874227,21177.59041525899,-7.043500219491615E9,2.352391329510952E11,-23306.290138494707,1306.8611295851583,6.498533344431919E10,1.3250736093901482E11,-27258.604923625644,12964.195538784486
3023999.9999980703,4.1191603111911E10,1.5833393902401007E11,-33195.57629085955,20760.211326182496,-9.056869768162138E9,2.3534308336965366E11,-23299.193266891685,1099.4593668767868,6.262026415059633E10,1.3360692309667856E11,-27486.982648674588,12487.925999692274
3110399.999997977,3.831896862559676E10,1.601096982061225E11,-33299.023000092464,20345.851657313986,-1.1069550272547195E10,2.354291302204192E11,-23290.34141529191,892.4288052294055,6.023582367373032E10,1.3466515463979872E11,-27706.9982704028,12007.492909962335
3196799.999997884,3.543779940335627E10,1.6184979694836887E11,-33393.18291584856,19934.781530809887,-1.308139045961627E10,2.3549730612139355E11,-23279.742859846425,685.7820651269736,5.78327380047412E10,1.356817022288367E11,-27918.57108996509,11523.044506871927
3283199.999997791,3.2548886515453716E10,1.6355453041747775E11,-33478.31877456483,19527.251126521496,-1.5092239773101843E10,2.3554764477486005E11,-23267.40591582324,479.53162544654583,5.541173999179141E10,1.3665622540693547E11,-28121.623083189206,11034.730755177152
3369599.999997698,2.9652998102296364E10,1.6522421454597055E11,-33554.69839817489,19123.49101781449,-1.7101948376797451E10,2.355801809552061E11,-23253.338935720803,273.6898247056585,5.2973569107260124E10,1.3758839674703464E11,-28316.07894287361,10542.703297400609
3455999.9999976046,2.6750878992282413E10,1.6685918435581366E11,-33622.59338295974,18723.712593466786,-1.911036715769421E10,2.3559495049684708E11,-23237.550307423895,68.26886232162175,5.051897121120371E10,1.3847790199463785E11,-28501.866120122868,10047.115402919057
3542399.9999975115,2.3843250429337646E10,1.684597923218243E11,-33682.27787198201,18328.108554281636,-2.1117347728960014E10,2.3559199028226508E11,-23220.048452399817,-136.7192001180656,4.804869831128901E10,1.393244402061324E11,-28678.914864681305,9548.121915869027
3628799.9999974184,2.0930809902830193E10,1.7002640678081305E11,-33734.027413052805,17936.853473446405,-2.312274243276494E10,2.355713382301562E11,-23200.841823936047,-341.26243757495035,4.556350831928464E10,1.4012772388255594E11,-28847.158264226648,9045.879201890995
3715199.9999973252,1.801423107242775E10,1.7155941039152783E11,-33778.11790304879,17550.104410171734,-2.512640434295524E10,2.355330332836859E11,-23179.93890541798,-545.349060269249,4.3064164804205925E10,1.4088747909871176E11,-29006.532282584903,8540.545093735413
3801599.999997232,1.5094163780438961E10,1.7305919864954367E11,-33814.82461840142,17168.00156672851,-2.7128187267581635E10,2.3547711539886172E11,-23157.348208646832,-748.9674123805838,4.0551436742204E10,1.4160344562753784E11,-29156.975796830007,8032.278835752603
3887999.999997139,1.2171234144233093E10,1.7452617846047446E11,-33844.421330698715,16790.66897964484,-2.9127945751282486E10,2.354036255330127E11,-23133.078272197065,-952.105970740532,3.802609826330073E10,1.422753770596317E11,-29298.43063322941,7521.241027292373
3974399.999997046,9.246044721457438E9,1.7596076677405908E11,-33867.17950559316,16418.215236516007,-3.1125535077527733E10,2.3531260563338724E11,-23107.137659812597,-1154.7533435176865,3.5488928395066765E10,1.4290304091783643E11,-29430.841602000528,7007.593565039364
4060799.9999969527,6.319174740956233E9,1.7736338928101077E11,-33883.367582576495,16050.734210590424,-3.3120811270725647E10,2.3520409862586102E11,-23079.534958842447,-1356.8982688958815,3.2940710803352802E10,1.4348621876680713E11,-29554.156530841763,6491.499584311596
4147199.9999968596,3.391180392528034E9,1.7873447917383478E11,-33893.25033266253,15688.305806017675,-3.511363109819622E10,2.3507814840376285E11,-23050.278778713375,-1558.529613746232,3.038223353017442E10,1.4402470631745093E11,-29668.32629720189,5973.123399351271
4233599.999996978,4.6259516893437237E8,1.800744759722726E11,-33897.08829060552,15330.99670736575,-3.710385207201372E10,2.3493479981681244E11,-23019.3777494416,-1759.6363722936726,2.7814288728866463E10,1.4451831352617416E11,-29773.304859255266,5452.630442638074
4319999.99999735,-2.4660697461235466E9,1.8138382441347452E11,-33895.13725796165,14978.861127718192,-3.909133245072309E10,2.347740986601733E11,-22986.840520180966,-1960.2076647785298,2.5237672396618042E10,1.4496686468884265E11,-29869.04928554736,4930.18720325677
4406399.999997723,-5.394325050012711E9,1.8266297340656543E11,-33887.64787307665,14631.941550344789,-4.1075931240931786E10,2.3459609166362637E11,-22952.67575780816,-2160.2327361137927,2.265318410450519E10,1.453701985293767E11,-29955.519783279044,4405.961164351555
4492799.999998095,-8.321702858767686E9,1.839123750508576E11,-33874.86524392054,14290.269459591838,-4.305750819878116E10,2.3440082648085373E11,-22916.89214554439,-2359.7009545387027,2.0061626725138355E10,1.4572816828290134E11,-30032.6797251972,3880.1207397015874
4579199.999998468,-1.1247756215532804E10,1.8513248371660712E11,-33857.02863961839,13953.86605725504,-4.503592383130071E10,2.3418835167884296E11,-22879.498381612666,-2558.6018102691523,1.7463806158048912E10,1.4604064177338617E11,-30100.495675061196,3352.8352094531942
4665599.9999988405,-1.417205857473745E10,1.8632375518692093E11,-33834.37123649247,13622.742961275546,-4.701103939764716E10,2.339587167274068E11,-22840.503177930532,-2756.924914145494,1.4860531052938194E10,1.463075014856931E11,-30158.93741165508,2824.2746550448533
4751999.999999213,-1.7094203266534756E10,1.8748664585917477E11,-33807.11991446484,13296.902884135578,-4.898271691023278E10,2.3371197198881784E11,-22799.91525883831,-2954.6599962784285,1.2252612530915014E10,1.465286446319668E11,-30207.977951316938,2294.60989336301
4838399.999999586,-2.00138029456776E10,1.886216120040859E11,-33775.49509973752,12976.340288823463,-5.095081913574429E10,2.3344816870756448E11,-22757.743359860393,-3151.7969046932812,9.640863903852001E9,1.4670398321230902E11,-30247.593568957014,1764.012410167499
4924799.999999958,-2.293048902865798E10,1.8972910908043378E11,-33739.71064977475,12661.042020686886,-5.291520959605807E10,2.3316735900022037E11,-22713.996226501873,-3348.3256039734865,7.02610039199238E9,1.4683344406966788E11,-30277.76381753971,1232.6542928265362
5011200.000000331,-2.584391112259756E10,1.908095911032787E11,-33699.97377674703,12350.987913899546,-5.487575256905059E10,2.3286959584543268E11,-22668.68261307756,-3544.2361739035487,4.409138839940571E9,1.4691696893888605E11,-30298.471546002467,700.7081624021354
5097600.000000703,-2.8753736449051373E10,1.918635100634532E11,-33656.48500575171,12046.151371631351,-5.683231308931089E10,2.325549330740267E11,-22621.811281574293,-3739.518808112204,1.790797431172944E9,1.4695451448985767E11,-30309.70291558845,168.34710512817853
5184000.000001076,-3.165964926557832E10,1.92891315396022E11,-33609.43816430748,11746.499919336207,-5.878475694875516E10,2.3222342535923056E11,-22573.39100054629,-3934.16381271611,-8.281045987930117E8,1.469460523647371E11,-30311.447414570393,-364.2553966760826
5270400.000001448,-3.45613502876342E10,1.9389345349536798E11,-33559.02039979588,11451.995730857017,-6.073295069714736E10,2.3187512820701117E11,-22523.430544040784,-4128.161604964767,-3.446747250431513E9,1.4689156920915643E11,-30303.69787134362,-896.9255342130781
5356800.000001821,-3.745855611306579E10,1.9487036727456207E11,-33505.412221730054,11162.596127298071,-6.267676164252918E10,2.315100979465347E11,-22471.9386905567,-4321.502711887004,-6.064310049301381E9,1.467910666974145E11,-30286.450465869337,-1429.4892422898183
5443200.000002193,-4.035099865122296E10,1.9582249576666306E11,-33448.787565921615,10878.254048831144,-6.461605785156002E10,2.3112839172073605E11,-22418.924222033736,-4514.177768939606,-8.679972336055613E9,1.4664456155157846E11,-30259.704739448254,-1961.7722698310201
5529600.000002566,-4.323842455846333E10,1.9675027376562143E11,-33389.31387782254,10598.91849978834,-6.655070814977254E10,2.3073006747701392E11,-22364.39592287123,-4706.17751865857,-1.1292913557222757E10,1.4645208555448853E11,-30223.463602809054,-2493.600250776095
5616000.000002938,-4.612059468159352E10,1.97654131504507E11,-33327.15221251705,10324.534967551823,-6.848058212174328E10,2.3031518395803278E11,-22308.362578978336,-4897.49280931338,-1.3902313556613684E10,1.4621368555661612E11,-30177.733342494445,-3024.798775312982
5702400.000003311,-4.899728351058368E10,1.9853449436881662E11,-33262.45734903725,10055.04581588536,-7.040555011118304E10,2.2988380069264786E11,-22250.832976852875,-5088.114593564954,-1.650735286720607E10,1.459294234767573E11,-30122.52362553232,-3555.1934614009047
5788800.000003683,-5.186827864170212E10,1.993917826426932E11,-33195.37791686638,9790.390653463699,-7.232548322094954E10,2.2943597798694354E11,-22191.815902689134,-5278.033927127494,-1.9107213003357903E10,1.4559937629653467E11,-30057.847502378932,-4084.6100265340115
5875200.000004056,-5.473338025203405E10,2.0022641128593607E11,-33126.0565326851,9530.506678449523,-7.424025331298361E10,2.2897177691538324E11,-22131.320141515032,-5467.241967434828,-2.170107675320032E10,1.4522363604868762E11,-29983.721408122277,-4612.87435969661
5961600.000004428,-5.759240058619388E10,2.010387897397875E11,-33054.629945593035,9275.329000046995,-7.61497330081715E10,2.28491259312086E11,-22069.35447635727,-5655.72997231165,-2.42881284710591E10,1.448023097991451E11,-29900.165161938476,-5139.812593460982
6048000.000004801,-6.0445163455893456E10,2.0182932175954443E11,-32981.22918921717,9024.790938029708,-7.805379568613737E10,2.2799448776220413E11,-22005.927687434076,-5843.489298650168,-2.6867554369752903E10,1.4433551962285922E11,-29807.201964791595,-5665.251176177662
6134400.0000051735,-6.329150375289705E10,2.0259840527212766E11,-32905.97973928826,8778.824301304217,-7.995231548496674E10,2.274815255934209E11,-21941.048551375352,-6030.511401092375,-2.943854281261659E10,1.4382340257340472E11,-29704.85839537124,-6189.016944208398
6220800.000005546,-6.613126697578375E10,2.0334643225686264E11,-32829.00167543908,8537.35964663825,-8.184516730086432E10,2.2695243686756393E11,-21874.725840471012,-6216.787830718463,-3.200028460509855E10,1.4326611064633197E11,-29593.164404264928,-6710.937194150607
6307200.000005919,-6.896430877082964E10,2.04073788647794E11,-32750.409846141334,8300.32651876135,-8.373222678774638E10,2.2640728637232947E11,-21806.9683219447,-6402.310233741829,-3.455197328577684E10,1.4266381073628082E11,-29472.153306361237,-7230.839755003517
6393600.000006291,-7.179049448724487E10,2.047808542559917E11,-32670.314035880485,8067.653673156442,-8.561337035677301E10,2.2584613961311566E11,-21737.78475725433,-6587.070350210795,-3.709280541664256E10,1.4201668458787766E11,-29341.861771482756,-7748.553060224422
6480000.000006664,-7.460969874692389E10,2.0546800271040515E11,-32588.819133855046,7839.269283028533,-8.748847517582144E10,2.2526906280497528E11,-21667.183901419852,-6771.060012717549,-3.962198087249853E10,1.4132492874039157E11,-29202.329813251006,-8263.906219624248
6566400.000007036,-7.74218050288187E10,2.0613560141598914E11,-32506.025303717932,7615.101132210315,-8.935741916890092E10,2.24676122864672E11,-21595.174502375074,-6954.271145114586,-4.213870312931823E10,1.405887544662074E11,-29053.6007761843,-8776.72909105161
6652800.000007409,-8.02267052680152E10,2.0678401152795294E11,-32422.028154156294,7395.076796230458,-9.122008101551364E10,2.240673874028526E11,-21521.765300346276,-7136.695761238757,-4.464217955141446E10,1.3980838770310114E11,-28895.721321033583,-9286.852351813974
6739200.000007781,-8.302429946958925E10,2.0741358794125632E11,-32336.91891050838,7179.123814593065,-9.307634014996274E10,2.2344292471632794E11,-21446.965027256054,-7318.325963643439,-4.713162167726574E10,1.3898406898036942E11,-28728.741408361897,-9794.10756978526
6825600.000008154,-8.581449533735826E10,2.0802467929476883E11,-32250.784588206854,6967.169858821931,-9.49260767606096E10,2.2280280378046042E11,-21370.78240615103,-7499.153942338725,-4.9606245503846825E10,1.38116053338825E11,-28552.71428037529,-10298.3272741491
6912000.000008526,-8.859720791775977E10,2.086176279900114E11,-32163.708169799975,6759.142903680873,-9.676917178908444E10,2.221470942416611E11,-21293.226150656166,-7679.171973540022,-5.206527176931628E10,1.3720461024469441E11,-28367.696441014406,-10799.345025727027
6998400.000008899,-9.137235925928938E10,2.091927702252688E11,-32075.76878893237,6554.971414667919,-9.860550692944846E10,2.2147586640999832E11,-21214.30496445147,-7858.37241842526,-5.4507926233906715E10,1.3625002349746826E11,-28173.747634317926,-11296.995486841648
7084800.000009271,-9.413987808834607E10,2.0975043604744135E11,-31987.041927542043,6354.584576813095,-1.0043496462731284E11,2.20789191251909E11,-21134.02754077481,-8036.747721900466,-5.69334399588736E10,1.3525259113172812E11,-27970.930821070906,-11791.114490664619
7171200.000009644,-9.689969950307372E10,2.1029094942715607E11,-31897.599637664294,6157.912616533897,-1.022574280789169E11,2.200871403830157E11,-21052.402561947398,-8214.290411374302,-5.934104958335197E10,1.3421262531301038E11,-27759.312153751373,-12281.539110000109
7257600.000010016,-9.965176468810826E10,2.1081462836949612E11,-31807.510807947187,5964.88733299718,-1.0407278123016379E11,2.193697860610527E11,-20969.43869892369,-8390.993095541196,-6.172999759897539E10,1.3313045222775229E11,-27538.96094979318,-12768.10772545471
7344000.000010389,-1.0239602065537538E11,2.1132178508896906E11,-31716.841505795725,5775.443127613993,-1.0588090877562221E11,2.1863720117889676E11,-20885.144610864132,-8566.848463173354,-6.4099532622113106E10,1.3200641196737749E11,-27309.94966318092,-13250.660092945256
7430400.000010761,-1.0513242001851833E11,2.118127263203063E11,-31625.655408753406,5589.519334626867,-1.0768169615748558E11,2.1788945925769836E11,-20799.528944731814,-8741.849281921503,-6.644890966358228E10,1.3084085840657732E11,-27072.353854397858,-13729.037410497289
7516800.000011134,-1.0786092080112076E11,2.1228775396625037E11,-31534.014027319132,5407.066421039053,-1.094750295645061E11,2.1712663444011646E11,-20712.60033491096,-8915.988397124825,-6.877739039569112E10,1.2963415907585437E11,-26826.252158746956,-14203.082384286017
7603200.0000115065,-1.1058148616825513E11,2.1274716673820786E11,-31441.973399220984,5228.065627417655,-1.1126079593089061E11,2.163488014836605E11,-20624.367402849086,-9089.258730628928,-7.108424341647844E10,1.2838669502839401E11,-26571.726253068085,-14672.639293874183
7689600.000011879,-1.1329408281134923E11,2.131912652033815E11,-31349.542033220307,5052.597709224213,-1.1303888293516656E11,2.1555603575412924E11,-20534.83875672017,-9261.653279613749,-7.336874451100623E10,1.2709886070133615E11,-26308.860820875467,-15137.554056601048
7776000.000012252,-1.1599866580311781E11,2.1362036381781396E11,-31256.33809007991,4880.836575667034,-1.1480917899902405E11,2.147484132191525E11,-20444.02299111073,-9433.165115429158,-7.563017690957579E10,1.2577106377152063E11,-26037.74351594052,-15597.674291077514
7862400.000012624,-1.1869514821673215E11,2.1403474812677805E11,-31162.240404305405,4711.736201128807,-1.165715732861278E11,2.1392601044183307E11,-20351.92868672617,-9603.787382440018,-7.786783154272775E10,1.2440372500578963E11,-25758.464924347634,-16052.849379743664
7948800.000012997,-1.2138351367370746E11,2.144346268840109E11,-31068.493782677542,4545.21604091374,-1.1832595570090456E11,2.130889045744889E11,-20258.564410119885,-9773.513296879737,-8.008100729290312E10,1.2299727810592438E11,-25471.118525052436,-16502.930530446032
8035200.000013369,-1.2406378748495375E11,2.1482024964643228E11,-30974.88303953331,4381.7455929115185,-1.2007221688731255E11,2.1223717335248956E11,-20163.93871344098,-9942.336145712618,-8.22690112426281E10,1.2155216954830661E11,-25175.800648970708,-16947.770836992357
8121600.000013742,-1.2673597250692944E11,2.1519187936163934E11,-30881.242998769638,4221.290143465079,-1.2181024822758392E11,2.1137089508819592E11,-20068.060134204177,-10110.249285504935,-8.443115891910582E10,1.2006885841839577E11,-24872.610436630228,-17387.225338643155
8208000.000014114,-1.2940006473793732E11,2.155497732241114E11,-30787.550591678213,4063.7738815638504,-1.2353994184095288E11,2.1049014866499707E11,-19970.93719507849,-10277.246141304598,-8.656677453508568E10,1.1854781624010725E11,-24561.64979441852,-17821.15107850087
8294400.000014487,-1.3205606014689989E11,2.15894182132466E11,-30693.82020356536,3909.127379727799,-1.2526119058236336E11,2.0959501353143896E11,-19872.578403696014,-10443.32020553004,-8.867519122589487E10,1.1698952680020213E11,-24243.023349460193,-18249.407160757375
8380800.000014859,-1.3470395648822786E11,2.1622535123543088E11,-30600.076669337664,3757.2865439670227,-1.2697388804116313E11,2.0868556969545117E11,-19772.99225247883,-10608.46503686714,-9.075575128251205E10,1.1539448596777792E11,-23916.83840315826,-18671.854806763444
8467200.00001523,-1.3734375381375656E11,2.1654352029822928E11,-30506.347667241913,3608.190607067764,-1.2867792853978256E11,2.0776189771867026E11,-19672.187218485768,-10772.674259175745,-9.28078063805716E10,1.1376320150896565E11,-23583.204883437033,-19088.357409882417
8553600.000015603,-1.3997545458992126E11,2.1684892393900458E11,-30412.66116814337,3461.781069937626,-1.3037320713240125E11,2.0682407871085382E11,-19570.171763276478,-10935.941560404573,-9.483071780518596E10,1.1209619289694594E11,-23242.235295723876,-19498.78058909658
8640000.000015976,-1.4259906367481674E11,2.1714179179931662E11,-30319.044466052204,3318.001171365358,-1.3205961960360356E11,2.0587219432439127E11,-19466.954332793444,-11098.260691515325,-9.682385667147913E10,1.1039399111738324E11,-22894.04467270704,-19902.99224132898
8726400.000016348,-1.452145882402529E11,2.174223486811083E11,-30225.523785141828,3176.7956109998277,-1.3373706246702519E11,2.0490632674890552E11,-19362.543357262013,-11259.625465415693,-9.878660414073196E10,1.086571384694002E11,-22538.75052291051,-20300.862592451456
8812800.000016721,-1.4782203767146902E11,2.176908146656665E11,-30132.124123286598,3038.1103955082617,-1.3540543296399173E11,2.039265587059471E11,-19256.94725110654,-11420.02975590193,-1.0071835163202785E11,1.0688618836220042E11,-22176.472778126354,-20692.26424694792
8899200.000017093,-1.5042142345850357E11,2.179474052222781E11,-30038.86920167705,2901.892747164841,-1.3706462906214833E11,2.029329734437761E11,-19150.174412883134,-11579.467496609777,-1.0261850102931435E11,1.0508170510746138E11,-21807.333739744663,-21077.0722362016
8985600.000017466,-1.5301275908565204E11,2.1819233131056778E11,-29945.78146517892,2768.0910454199925,-1.3871454945408972E11,2.019256547322396E11,-19042.23322522963,-11737.932679976004,-1.0448646488377916E11,1.032442637076138E11,-21431.458024024978,-21455.16406538201
9072000.000017839,-1.555960599221746E11,2.184257994786377E11,-29852.88210798392,2636.654786520588,-1.403550935559804E11,2.0090468685773596E11,-18933.13205483067,-11895.419356208244,-1.0632166661145486E11,1.0137444964013148E11,-21048.97250635093,-21826.41975890275
9158400.000018211,-1.5817134311583682E11,2.1864801195819794E11,-29760.1911120481,2507.5345532833758,-1.4198616150617715E11,1.998701546182655E11,-18822.879252397863,-12051.921632265334,-1.0812354068596217E11,9.947285863795929E10,-20660.00626451302,-22190.72190442699
9244800.000018584,-1.6073862749007272E11,2.1885916675735992E11,-29667.727291833377,2380.68199068651,-1.436076541638478E11,1.9882214331857242E11,-18711.483152666184,-12207.43367084682,-1.0989153282631369E11,9.754009646619849E10,-20264.69052106252,-22547.955695396027
9331200.000018956,-1.6329793344515714E11,2.1905945775148138E11,-29575.50834184531,2256.049784824968,-1.452194731075912E11,1.9776073876537207E11,-18598.95207440447,-12361.949689392672,-1.1162510017970227E11,9.557677869518558E10,-19863.158584782905,-22898.008972061754
9417600.000019329,-1.6584928286352945E11,2.1924907477228125E11,-29483.550885003526,2133.5916438071768,-1.4682152063405954E11,1.9668602726266287E11,-18485.29432044058,-12515.463959092687,-1.1332371149918948E11,9.358353047008818E10,-19455.545791323693,-23240.77226100053
9504000.000019701,-1.6839269901928934E11,2.1942820369536194E11,-29391.870520719418,2013.2622797539584,-1.4841369975658163E11,1.9559809560712726E11,-18370.51817770061,-12667.97080390631,-1.1498684731623415E11,9.156098627715613E10,-19041.989443042043,-23576.138813092068
9590400.000020074,-1.709282064918129E11,2.1959702652619388E11,-29300.48187203155,1895.017391402172,-1.4999591420379102E11,1.9449703108361212E11,-18254.63191726325,-12819.464599592411,-1.1661400010799222E11,8.950978970675659E10,-18622.62874810086,-23904.004639945928
9676800.000020446,-1.7345583108338043E11,2.1975572148462842E11,-29209.398631420285,1778.8136470176953,-1.5156806841826224E11,1.9338292146069476E11,-18137.64379442583,-12969.93977274958,-1.1820467445931967E11,8.743059321332918E10,-18197.604758866706,-24224.268548759756
9763200.000020819,-1.7597559974070334E11,2.1990446308792746E11,-29118.633605093055,1664.608667446843,-1.5313006755514664E11,1.922558549863336E11,-18019.56204878564,-13119.390799866625,-1.1975838721942693E11,8.532405787239856E10,-17767.06030965791,-24536.832175596937
9849600.000021191,-1.7848754048020444E11,2.2004342223233685E11,-29028.1987556277,1552.3610092110946,-1.5468181748082214E11,1.9111592038359647E11,-17900.39490433338,-13267.81220638383,-1.2127466765313034E11,8.319085313478001E10,-17331.139953887996,-24841.60001707134
9936000.000021564,-1.809916823169079E11,2.2017276627319702E11,-28938.105242927653,1442.0301475977171,-1.5622322477154944E11,1.899632068464723E11,-17780.150569560257,-13415.198565764775,-1.2275305758664395E11,8.103165657811746E10,-16889.98990065313,-25138.47946042838
1.0022400000021936E7,-1.834880551967961E11,2.2029265910359598E11,-28848.36346348146,1333.5764597284226,-1.5775419671213733E11,1.8879780403576132E11,-17658.837237577205,-13561.544498578594,-1.241931115478746E11,7.884715365588962E10,-16443.75795080998,-25427.380812015264
1.0108800000022309E7,-1.8597668993249127E11,2.2040326123155374E11,-28758.98308794312,1226.9612076065187,-1.592746412946201E11,1.8761980207504367E11,-17536.463086247368,-13706.844671593391,-1.2559439690117068E11,7.66380374440303E10,-15992.593432592821,-25708.21732413138
1.0195200000022681E7,-1.8845761814209976E11,2.205047298557443E11,-28669.97309707044,1122.1465211542156,-1.60784467216945E11,1.8642929154672653E11,-17413.036278329935,-13851.093796880346,-1.269564939764912E11,7.440500838529486E10,-15536.647136816755,-25980.905220255052
1.0281600000023054E7,-1.9093087219110605E11,2.2059721893974924E11,-28581.341816061744,1019.0953812582613,-1.6228358388167642E11,1.8522636348816614E11,-17288.564961637334,-13994.286630928424,-1.2827899619296101E11,7.21487740315206E10,-15076.071251713847,-26245.36371864228
1.0368000000023426E7,-1.933964851371569E11,2.2068087928485248E11,-28493.096947343536,917.7716028453505,-1.6377190139470822E11,1.8401110938788446E11,-17163.05726920353,-14136.41797377043,-1.2956151017677974E11,6.987004878391554E10,-14611.019297451552,-26501.515054294585
1.0454400000023799E7,-1.958544906776159E11,2.207558586013682E11,-28405.245601863924,818.1398180105201,-1.652493305639976E11,1.827836211818151E11,-17036.521319463896,-14277.482668119921,-1.3080365587346294E11,6.756955363152292E10,-14141.646060377867,-26749.284499296893
1.0540800000024172E7,-1.983049230997609E11,2.2082230157852295E11,-28317.794328945096,720.1654592216642,-1.66715782898311E11,1.8154399124967453E11,-16908.965216447537,-14417.47559851896,-1.320050666543918E11,6.524801588799543E10,-13668.107527042552,-26988.60038152512
1.0627200000024544E7,-2.0074781723349902E11,2.208803499528794E11,-28230.749144754758,623.8147426229293,-1.681711706059855E11,1.8029231241137662E11,-16780.397049980536,-14556.391690496883,-1.3316538941765163E11,6.290616892682691E10,-13190.560818039308,-27219.394101725582
1.0713600000024917E7,-2.0318320840648315E11,2.2093014257533817E11,-28144.115559448925,529.0546514584538,-1.6961540659371695E11,1.7902867792352927E11,-16650.824895900307,-14694.225909740608,-1.3428428468315274E11,6.054475191517664E10,-12709.164121715718,-27441.600148971695
1.080000000002529E7,-2.0561113240152118E11,2.2097181547669553E11,-28057.898603045614,435.85291963657056,-1.710484044653541E11,1.7775318147600052E11,-16520.256816280795,-14830.973261275642,-1.353614266820158E11,5.816450954642806E10,-12224.076627796905,-27655.156114502024
1.0886400000025662E7,-2.0803162541616382E11,2.2100550193179816E11,-27972.102850080708,344.17801545296567,-1.7247007852072495E11,1.7646591718855295E11,-16388.70085966963,-14966.628788657974,-1.3639650344022237E11,5.57661917716222E10,-11735.458460967313,-27860.00270394667
1.0972800000026034E7,-2.1044472402437323E11,2.2103133252230075E11,-27886.732443101206,253.999125489619,-1.7388034375447552E11,1.7516697960755057E11,-16256.165061334596,-15101.187573177705,-1.3738921685652586E11,5.335055352990356E10,-11243.47061445663,-28056.083747951812
1.1059200000026407E7,-2.128504651401778E11,2.2104943519803546E11,-27801.791115044543,165.28613870467214,-1.7527911585493463E11,1.7385646370273154E11,-16122.657443521735,-15234.644733073177,-1.3833928277462634E11,5.091835447811757E10,-10748.27488367291,-28243.346211209515
1.114560000002678E7,-2.1524888598320496E11,2.2105993533701428E11,-27717.282210556816,78.00963072672205,-1.766663112030013E11,1.7253446486405066E11,-15988.186015723533,-15366.995422756505,-1.3924643104961575E11,4.847035871969555E10,-10250.033799926941,-28421.740199906468
1.1232000000027152E7,-2.1764002404602274E11,2.210629558040924E11,-27633.208706295154,-7.859151634549002,-1.7804184687105057E11,1.7120107889858682E11,-15852.75877495713,-15498.234832050366,-1.4011040560869986E11,4.600733453296442E10,-9748.91056429055,-28591.21896760228
1.1318400000027524E7,-2.2002391706318262E11,2.2105861700829236E11,-27549.573230262093,-92.34830565099824,-1.79405640621875E11,1.6985640202751486E11,-15716.383706052895,-15628.358185435485,-1.409309645062142E11,4.353005409901589E10,-9245.06898163116,-28751.738919552303
1.1404800000027897E7,-2.224006029819004E11,2.210470369588272E11,-27466.378080214352,-175.48528770292907,-1.8075761090763846E11,1.6850053088314377E11,-15579.068781952847,-15757.360741309707,-1.4170787997295392E11,4.10392932292687E10,-8738.67339486372,-28903.259615488605
1.149120000002827E7,-2.2477011993428546E11,2.2102833131983063E11,-27383.625241190464,-257.2969280626255,-1.820976768688653E11,1.6713356250601862E11,-15440.82196401909,-15885.237791257723,-1.4244093845982352E11,3.853583109285663E10,-8229.888619461079,-29045.743770876838
1.1577600000028642E7,-2.2713250621104797E11,2.210026134638269E11,-27301.31640219704,-337.80944542810647,-1.8342575833345215E11,1.6575559434208298E11,-15301.651202351608,-16011.984659332125,-1.4312994067585376E11,3.602044994397334E10,-7718.879878261789,-29179.157256664756
1.1664000000029014E7,-2.2948780023661523E11,2.2096999452394693E11,-27219.452972092673,-417.0484612018231,-1.847417758157102E11,1.6436672423990634E11,-15161.564436115576,-16137.596701345532,-1.437747016205883E11,3.349393484930313E10,-7205.812736615077,-29303.469097542653
1.1750400000029387E7,-2.3183604054558417E11,2.2093058344493277E11,-27138.03609470653,-495.03901351009023,-1.8604565051543417E11,1.6296705044796796E11,-15020.56959387845,-16262.069304173823,-1.443750506108919E11,3.0957073415665195E10,-6690.853037900246,-29418.651468733755
1.183680000002976E7,-2.3417726576045E11,2.2088448703293152E11,-27057.06666322859,-571.8055709600064,-1.873373043170011E11,1.615566716120052E11,-14878.67459395584,-16385.397885070237,-1.4493083130220102E11,2.841065551799964E10,-6174.16683945791,-29524.679691336172
1.1923200000030132E7,-2.365115145705476E11,2.2083181000411984E11,-26976.54533390399,-647.3720461314895,-1.8861665978850064E11,1.6013568677241513E11,-14735.887344766667,-16507.57789099073,-1.4544190170425528E11,2.5855473027815296E10,-5655.920348969092,-29621.53222623815
1.2009600000030505E7,-2.388388257121452E11,2.207726550321719E11,-26896.472539065602,-721.7618088028878,-1.8988364018089606E11,1.5870419536171997E11,-14592.215745197345,-16628.604797930533,-1.459081341913606E11,2.3292319542226204E10,-5136.279861316941,-29709.190666628245
1.2096000000030877E7,-2.411592379496427E11,2.2070712279459232E11,-26816.848499535405,-794.9976989093158,-1.911381694272132E11,1.5726229720208438E11,-14447.667684974642,-16748.47411027079,-1.4632941550720917E11,2.0721990113693966E10,-4615.411695965699,-29787.639729125713
1.218240000003125E7,-2.434727900578069E11,2.206353120179494E11,-26737.673236423736,-867.1020392335688,-1.9238017214177206E11,1.558100925028904E11,-14302.25104504734,-16867.181360137904,-1.4670564676432114E11,1.8145280980595337E10,-4093.4821348890773,-29856.86724355415
1.2268800000031622E7,-2.4577952080500763E11,2.205573195220137E11,-26658.946582356413,-938.0966478300663,-1.9360957361943945E11,1.5434768185837076E11,-14155.973697976402,-16984.722106772042,-1.4703674343814484E11,1.5562989298731232E10,-3570.657361080625,-29916.86414138411
1.2355200000031995E7,-2.4807946893739777E11,2.2047324026284268E11,-26580.668192155503,-1008.002850182746,-1.9482629983492374E11,1.5287516624528894E11,-14008.843508333675,-17101.091935908047,-1.4732263535586737E11,1.2975912873890762E10,-3047.1033976766153,-29967.624442871274
1.2441600000032367E7,-2.5037267316399393E11,2.203831673748201E11,-26502.83755299949,-1076.8414910984604,-1.9603027744210135E11,1.5139264702067877E11,-13860.868333108723,-17216.286459166495,-1.4756326667999957E11,1.0384849895581783E10,-2522.9860477211714,-30009.145242915984
1.252800000003274E7,-2.526591721426106E11,2.2028719221168796E11,-26425.453994089192,-1144.6329463376298,-1.9722143377338184E11,1.4990022591963458E11,-13712.05602212416,-17330.30131345634,-1.4775859588677914E11,7.790598672037816E9,-1998.4708346021218,-30041.42669567299
1.2614400000033112E7,-2.5493900446661423E11,2.201854043865713E11,-26348.516695840808,-1211.397133984605,-1.983996968391018E11,1.483980050531487E11,-13562.41441845869,-17443.132160387973,-1.4790859573946454E11,5.193957366607564E9,-1473.722943185271,-30064.47199793822
1.2700800000033485E7,-2.572122086524482E11,2.2007789181104388E11,-26272.024698630034,-1277.153525560162,-1.9956499532696634E11,1.4688608690600507E11,-13411.951358878363,-17554.774685697692,-1.4801325325656366E11,2.5957237356310377E9,-948.9071616730317,-30078.287371342525
1.2787200000033857E7,-2.5947882312789578E11,2.1996474073324118E11,-26195.976911107802,-1341.921156879187,-2.007172586015203E11,1.4536457433471738E11,-13260.674674275717,-17665.224598682755,-1.4807256967508105E11,-3305132.094617265,-424.1878242127926,-30082.882043380323
1.287360000003423E7,-2.617388862210415E11,2.1984603577504352E11,-26120.372118108622,-1405.7186386566875,-2.0185641670365903E11,1.4383357056551877E11,-13108.592190116395,-17774.477631647886,-1.4808656040883615E11,-2.602333074161327E9,100.27124572118441,-30078.268227304678
1.2960000000034602E7,-2.6399243614990515E11,2.197218599683554E11,-26045.208988170198,-1468.5641668655078,-2.029824003501803E11,1.4229317919239645E11,-12955.711726893527,-17882.52953936226,-1.480552550019234E11,-5.200565111611219E9,624.3067911494727,-30064.461100917575
1.3046400000034975E7,-2.6623951101270154E11,2.1959229479050186E11,-25970.486080683375,-1530.4755328493932,-2.0409514093337354E11,1.407435041751756E11,-12802.041100589604,-17989.37609852759,-1.4797869707738245E11,-7.797207704118585E9,1147.7561765912697,-30041.478784286373
1.3132800000035347E7,-2.6848014877870868E11,2.1945742019875925E11,-25896.20185269041,-1591.470133195177,-2.0519457052065228E11,1.3918464983764395E11,-12647.58812314587,-18095.013107257288,-1.478569442811584E11,-1.0391469003201345E10,1670.4574422298465,-30009.342316418497
1.321920000003572E7,-2.7071438727970325E11,2.1931731466404456E11,-25822.354665346957,-1651.5649793679804,-2.0628062185422443E11,1.3761672086572583E11,-12492.360602938825,-18199.436384566707,-1.476900682214143E11,-1.2982559103373384E10,2192.249357220386,-29968.075630924035
1.3305600000036092E7,-2.7294226420194846E11,2.1917205520378268E11,-25748.942790065532,-1710.7767071135106,-2.073532283508036E11,1.3603982230569911E11,-12336.366345264058,-18302.641769873844,-1.4747815440327386E11,-1.5569690291151382E10,2712.9714721222113,-29917.705530699288
1.3392000000036465E7,-2.7516381707869E11,2.1902171741396927E11,-25675.96441435422,-1769.1215856315491,-2.084123241013669E11,1.3445405956245142E11,-12179.613152826993,-18404.6251225114,-1.4722130215907816E11,-1.8152077291833157E10,3232.4641704385313,-29858.261661662105
1.3478400000036838E7,-2.773790832831506E11,2.1886637550045364E11,-25603.41764736573,-1826.6155265249374,-2.0945784387095016E11,1.3285953839777966E11,-12022.108826240998,-18505.382321249774,-1.4691962457422394E11,-2.072893751396711E10,3750.5687192479554,-29789.776485571983
1.356480000003721E7,-2.7958810002199E11,2.1870610230945532E11,-25531.300525171355,-1883.2740925281948,-2.1048972309849063E11,1.3125636492873424E11,-11863.861164531962,-18604.909263830952,-1.4657324840867157E11,-2.3299491291434864E10,4267.127318913287,-29712.28525196579
1.3651200000037583E7,-2.8179090432920856E11,2.1854096935733798E11,-25459.611015771086,-1939.1125060202662,-2.115078978967106E11,1.2964464562599667E11,-11704.877965649972,-18703.201866513282,-1.4618231401418723E11,-2.5862962123072044E10,4781.983151854214,-29625.825969242094
1.3737600000037955E7,-2.8398753306047394E11,2.1837104685965527E11,-25388.34702385498,-1994.1456573255907,-2.1251230505204868E11,1.2802448731229875E11,-11545.167026987578,-18800.25606362761,-1.4574697524743158E11,-2.841857690975525E10,5294.980430371657,-29530.43937492727
1.3824000000038328E7,-2.861780228878486E11,2.1819640375948865E11,-25317.506395324985,-2048.388112808036,-2.135028820246323E11,1.2639599716088219E11,-11384.736145904737,-18896.067807144078,-1.4526739937893988E11,-3.0965566188885494E10,5805.964443512579,-29426.16890515361
1.39104000000387E7,-2.883624102948939E11,2.180171077550969E11,-25247.0869215913,-2101.854122761914,-2.1447956694829672E11,1.2475928269399132E11,-11223.593120260406,-18990.633066249757,-1.447437669980995E11,-3.3503164366202194E10,6314.7816029655,-29313.060663383596
1.3996800000039073E7,-2.905407315721431E11,2.1783322532689032E11,-25177.086343651532,-2154.557629104659,-2.1544229863065674E11,1.2311445178140413E11,-11061.745748950112,-19083.947826937743,-1.4417627191421417E11,-3.603060994486313E10,6821.279487977633,-29191.163388411234
1.4083200000039445E7,-2.9271302281291693E11,2.1764482176374777E11,-25107.502355964825,-2206.5122728751553,-2.1639101655321198E11,1.214616126389971E11,-10899.201832450566,-19176.008091607462,-1.4356512105371286E11,-3.8547145751730034E10,7325.306889285869,-29060.52842167333
1.4169600000039818E7,-2.9487931990945874E11,2.1745196118869693E11,-25038.332610129983,-2257.731401542615,-2.173256608715144E11,1.198008738273441E11,-10735.969173369995,-19266.809878675253,-1.4291053435362042E11,-4.10520191608006E10,7826.713852055149,-28921.209673902566
1.425600000004019E7,-2.970396585493818E11,2.1725470658397034E11,-24969.574718377415,-2308.228076129824,-2.1824617241537317E11,1.1813234425035062E11,-10572.055577004901,-19356.349222196513,-1.422127446513557E11,-4.3544482313732216E10,8325.351717818254,-28773.263591153576
1.4342400000040563E7,-2.991940742124191E11,2.1705311981544962E11,-24901.226256883027,-2358.0150781552425,-2.191524926891097E11,1.1645613315391663E11,-10407.468851903186,-19444.622171499203,-1.4147199757094763E11,-4.6023792337405396E10,8821.073165412567,-28616.749120234483
1.4428800000040935E7,-3.013426021674389E11,2.1684726165652594E11,-24833.28476891327,-2407.1049163981315,-2.2004456387186694E11,1.147723501246329E11,-10242.216810432688,-19531.62479082827,-1.4068855140576074E11,-4.84892115584745E10,9313.732250910121,-28451.727673573896
1.4515200000041308E7,-3.034852774697358E11,2.166371918113751E11,-24765.74776780884,-2455.509833491007,-2.2092232881795966E11,1.1308110508850835E11,-10076.307269356075,-19617.35315900087,-1.3986267699781464E11,-5.094000771486018E10,9803.184446538784,-28278.263093556423
1.460160000004168E7,-3.056221349585658E11,2.1642296893767618E11,-24698.61273981591,-2503.2418123433495,-2.2178573105728342E11,1.113825083097243E11,-9909.748050411969,-19701.803369072935,-1.3899465761378137E11,-5.337545416413913E10,10289.28667859193,-28096.421616354666
1.4688000000042053E7,-3.077532092549236E11,2.162046506687778E11,-24631.877146770017,-2550.3125824008707,-2.2263471479576782E11,1.0967667038941833E11,-9742.546980900954,-19784.971528017515,-1.380847888177543E11,-5.579483008878767E10,10771.897364327193,-27906.271835291067
1.4774400000042425E7,-3.098785347595447E11,2.1598229363533438E11,-24565.53842864193,-2596.733625744079,-2.2346922491588348E11,1.0796370226449567E11,-9574.711894278127,-19866.853756413446,-1.3713337834086856E11,-5.819742069824064E10,11250.876447853447,-27707.884663757413
1.4860800000042798E7,-3.1199814565111835E11,2.1575595348642087E11,-24499.594005950676,-2642.516183030375,-2.242892069771974E11,1.0624371520646669E11,-9406.250630750907,-19947.4461881461,-1.3614074594787215E11,-6.058251742772848E10,11726.085435008148,-27501.333297722085
1.494720000004317E7,-3.1411207588471246E11,2.1552568491013892E11,-24434.04128205075,-2687.6712592833915,-2.2509460721698483E11,1.0451682082030957E11,-9237.171037882747,-20026.744970119053,-1.3510722330071637E11,-6.294941813385856E10,12197.387427226047,-27286.693177855217
1.5033600000043543E7,-3.162203591903788E11,2.1529154165373322E11,-24368.87764529906,-2732.2096295333704,-2.2588537255088962E11,1.0278313104335712E11,-9067.480971201849,-20104.74626197687,-1.3403315381927444E11,-6.529742728690779E10,12664.647154403283,-27064.041951299416
1.5120000000043916E7,-3.183230290719518E11,2.1505357654322284E11,-24304.100471107497,-2776.141844312518,-2.266614505736405E11,1.010427581442091E11,-8897.188294815862,-20181.446235839747,-1.3291889253925438E11,-6.762585615980003E10,13127.731006759419,-26833.459433114836
1.5206400000044288E7,-3.2042011880601135E11,2.1481184150256448E11,-24239.70712388697,-2819.478235008717,-2.2742278955981674E11,9.929581472166454E10,-8726.300882031474,-20256.841076049375,-1.317648059674092E11,-6.993402301373552E10,13586.50706570317,-26595.027567426285
1.529280000004466E7,-3.2251166144101324E11,2.145663875723637E11,-24175.694958887514,-2862.228919081513,-2.2816933846467142E11,9.75424137036745E10,-8554.82661597981,-20330.92697892585,-1.3057127193412E11,-7.2221253280456E10,14040.84513370557,-26348.83038829972
1.5379200000045033E7,-3.245976897965772E11,2.1431726492813385E11,-24112.06132393968,-2904.4038051437014,-2.2890104692500772E11,9.578266834631981E10,-8382.773390246562,-20403.700152537156,-1.2933867944344109E11,-7.448687974111385E10,14490.61676318838,-26094.9539803746
1.5465600000045406E7,-3.266782364629112E11,2.1406452289813E11,-24048.803561102428,-2946.0125979120044,-2.296178652601096E11,9.401669223280518E10,-8210.149109507569,-20475.156816478844,-1.2806742852069112E11,-7.673024270173709E10,14935.695284433186,-25833.48643927923
1.5552000000045778E7,-3.287533338003863E11,2.1380820998075256E11,-23985.919008220957,-2987.064803030282,-2.303197444727268E11,9.224459927247131E10,-8036.9616901695945,-20545.29320166662,-1.2675793005767587E11,-7.895069016525795E10,15375.955832519,-25564.51783185286
1.563840000004615E7,-3.3082301393923254E11,2.135483738615437E11,-23923.405000399754,-3027.5697317685895,-2.3100663625011572E11,9.046650369982716E10,-7863.219061015763,-20614.105550139426,-1.2541060565562408E11,-8.114757800010144E10,15811.275373296647,-25288.14015620176
1.5724800000046523E7,-3.328873087793657E11,2.1328506142978284E11,-23861.258871393995,-3067.5365056012697,-2.3167849296513928E11,8.868252007359084E10,-7688.929163856344,-20681.590114874907,-1.2402588746592194E11,-8.3320270105319E10,16241.532728408316,-25004.447301612374
1.5811200000046896E7,-3.3494624999032947E11,2.1301831879469815E11,-23799.47795492473,-3106.974060667242,-2.3233526767741608E11,8.689276327576292E10,-7514.099954184149,-20747.743159616304,-1.2260421802872554E11,-8.546813857224768E10,16666.608599362244,-24713.5350083458
1.5897600000047268E7,-3.3699986901134143E11,2.1274819130128052E11,-23738.05958591956,-3145.8911521156456,-2.3297691413454086E11,8.50973485106941E10,-7338.739401834948,-20812.560958712125,-1.2114605010953436E11,-8.75905638426948E10,17086.385590671525,-24415.500827336757
1.598400000004764E7,-3.390481970514552E11,2.1247472354574127E11,-23677.00110168426,-3184.29635833983,-2.3360338677333524E11,8.329639130417955E10,-7162.8554916525445,-20876.039796965673,-1.1965184653380388E11,-8.968693486363573E10,17500.7482320682,-24110.444079820147
1.6070400000048013E7,-3.4109126508980426E11,2.1219795939060638E11,-23616.299843006625,-3222.1980851025983,-2.3421464072119153E11,8.149000750256105E10,-6986.456224158637,-20938.175969498865,-1.1812208001968262E11,-9.175664923842241E10,17909.58299980388,-23798.46581690554
1.6156800000048386E7,-3.431291038759587E11,2.119179419794562E11,-23555.953155198025,-3259.6045695556795,-2.34810631797448E11,7.967831327183977E10,-6809.549616227209,-20998.965781626193,-1.1655723300894312E11,-9.379911337449747E10,18312.778337046937,-23479.668779123498
1.6243200000048758E7,-3.4516174393035706E11,2.1163471375132416E11,-23495.958389073898,-3296.523884156114,-2.3539131651483E11,7.786142509680217E10,-6632.143701763559,-21058.40554874201,-1.1495779749619203E11,-9.581374262761156E10,18710.22467338971,-23154.157355962172
1.6329600000049131E7,-3.471892155448158E11,2.1134831645476138E11,-23436.31290187719,-3332.9639404823993,-2.3595665208095334E11,7.603945978015247E10,-6454.246532387827,-21116.491596218828,-1.1332427485643138E11,-9.779996144254532E10,19101.8144434778,-22822.037545414965
1.6416000000049504E7,-3.492115487831251E11,2.1105879116157422E11,-23377.01405814713,-3368.932492953027,-2.3650659639988345E11,7.421253444165504E10,-6275.866178122913,-21173.220259318958,-1.1165717567105028E11,-9.97572034903387E10,19487.442104773367,-22483.416913558678
1.6502400000049876E7,-3.5122877348171906E11,2.1076617828024246E11,-23318.059230535135,-3404.437142450055,-2.3704110807375528E11,7.238076651728322E10,-6097.010728086803,-21228.58788311786,-1.099570195523146E11,-1.0168491180202806E11,19867.004154466547,-22138.404554181096
1.6588800000050249E7,-3.532409192504054E11,2.1047051756903864E11,-23259.445800572805,-3439.485339850135,-2.3756014640445517E11,7.054427375837424E10,-5917.688291189134,-21282.590822439448,-1.0822433496643515E11,-1.0358253889889807E11,20240.39914554768,-21787.111048474893
1.6675200000050621E7,-3.5524801547316547E11,2.1017184814883508E11,-23201.17115939116,-3474.084389465637,-2.3806367139535764E11,6.870317423078982E10,-5737.906996832164,-21335.22544180466,-1.0645965905528154E11,-1.0544954691925668E11,20607.527702055097,-21429.648424816085
1.6761600000050994E7,-3.572500913090152E11,2.0987020851562164E11,-23143.23270839583,-3508.2414523981697,-2.385516437531294E11,6.68575863140784E10,-5557.674995615574,-21386.488115392425,-1.04663537456816E11,-1.0728540774173764E11,20968.29253351176,-21066.130118644425
1.684800000004984E7,-3.592471756929174E11,2.0956563655273633E11,-23085.62785989971,-3541.963549806869,-2.3902402488958878E11,6.5007628700643906E10,-5377.000460045761,-21436.37522701218,-1.0283652412431033E11,-1.0908960310514015E11,21322.598448565524,-20696.67093245818
1.693440000004835E7,-3.612392973367525E11,2.0925816954282288E11,-23028.354037714522,-3575.257566093771,-2.3948077692363272E11,6.3153420394913864E10,-5195.89158524888,-21484.883170090412,-1.0097918114442177E11,-1.1086162472482108E11,21670.352367847398,-20321.386995944424
1.702080000004686E7,-3.6322648473033356E11,2.089478441795053E11,-22971.408677704178,-3608.13025200848,-2.3992186268321866E11,6.129508071250773E10,-5014.356589687791,-21532.008347669325,-9.909207855418767E10,-1.1260097440564604E11,22011.463336063087,-19940.395726253108
1.710720000004537E7,-3.6520876614247253E11,2.086346965788087E11,-22914.78922830157,-3640.5882276742636,-2.4034724570741385E11,5.9432729279407265E10,-4832.403715883285,-21577.74717241838,-9.717579415701376E10,-1.1430716415151552E11,22345.84253333234,-19553.815788433494
1.719360000004388E7,-3.6718616962208765E11,2.0831876229031604E11,-22858.4931509893,-3672.6379855377936,-2.4075689024850412E11,5.7566486031121925E10,-4650.041231138537,-21622.09606665913,-9.52309133377087E10,-1.1597971627148117E11,22673.40328579198,-19161.76705604397
1.728000000004239E7,-3.691587229993462E11,2.080000763080755E11,-22802.517920749004,-3704.2858932444074,-2.4115076127416718E11,5.569647121185473E10,-4467.27742826778,-21665.05146240257,-9.325802887663564E10,-1.176181634824656E11,22994.06107547689,-18764.3705719484
1.73664000000409E7,-3.711264538868556E11,2.0767867308125916E11,-22746.861026477556,-3735.5381964411376,-2.415288244697095E11,5.38228053736626E10,-4284.120626328427,-21706.60980139988,-9.125774076304407E10,-1.1922204900860414E11,23307.733549495875,-18361.748509310793
1.745280000003941E7,-3.7308938968087683E11,2.073545865245884E11,-22691.519971374048,-3766.401021509199,-2.418910462403626E11,5.194560937561189E10,-4100.579171356724,-21746.76753520677,-8.923065600763298E10,-1.2079092667722446E11,23614.340528516706,-17954.024132799597
1.753920000003792E7,-3.750475575625771E11,2.0702785002852185E11,-22636.492273297798,-3796.88037822799,-2.4223739371364902E11,5.0065004382928505E10,-3916.661437107056,-21785.521125260773,-8.717738845441452E10,-1.2232436101148546E11,23913.804014576486,-17541.32176001257
1.762560000003643E7,-3.770009844993148E11,2.066984964692141E11,-22581.775465099647,-3826.982162372436,-2.425678347418065E11,4.81811118661401E10,-3732.3758257945196,-21822.86704297194,-8.509855859193053E10,-1.2382192731969147E11,24206.048198233693,-17123.766723131506
1.771200000003494E7,-3.78949697245946E11,2.0636655821826074E11,-22527.367094926904,-3856.712158245396,-2.428823379042823E11,4.629405360020923E10,-3547.730768840996,-21858.801769827114,-8.299479336387677E10,-1.25283211781305E11,24490.999465075987,-16701.485330816875
1.779840000003345E7,-3.8089372234615393E11,2.060320671522194E11,-22473.264726504716,-3886.0760411469387,-2.4318087251028522E11,4.4403951663659805E10,-3362.7347276243336,-21893.321797508615,-8.08667259791971E10,-1.2670781152967628E11,24768.586401601333,-16274.604830350168
1.788480000003196E7,-3.8283308613381177E11,2.0569505466192487E11,-22419.465939392936,-3915.0793797821507,-2.4346340860141046E11,4.25109284376882E10,-3177.396194230792,-21926.423628025645,-7.871499572168733E10,-1.280953347315159E11,25038.7398004874,-15843.25337003318
1.797120000003047E7,-3.847678147343606E11,2.0535555166159348E11,-22365.968329221796,-3943.727638609187,-2.4372991695432123E11,4.061510660526616E10,-2991.7236922105226,-21958.10377386043,-7.654024775918155E10,-1.294454006631248E11,25301.392665264015,-15407.55996185102
1.805760000002898E7,-3.866979340662055E11,2.0501358859773547E11,-22312.769507906396,-3972.026180129061,-2.4398036908350247E11,3.8716609150228745E10,-2805.725777336129,-21988.35875812749,-7.43431329523497E10,-1.3075763978341805E11,25556.480214406947,-14967.654444405127
1.814400000002749E7,-3.886234698421293E11,2.0466919545786377E11,-22259.8671038412,-3999.9802671188168,-2.44214737244078E11,3.6815559356348465E10,-2619.411038364031,-22017.185114748256,-7.212430766317126E10,-1.320316938037469E11,25803.939884865104,-14523.667446123982
1.8230400000026E7,-3.9054444757072723E11,2.0432240177901788E11,-22207.258762075377,-4027.5950648096136,-2.4443299443469263E11,3.491208080639361E10,-2432.788097798686,-22044.579388638806,-6.988443356312447E10,-1.3326721575456604E11,26043.71133503996,-14075.730348756104
1.831680000002451E7,-3.9246089255785516E11,2.0397323665609702E11,-22154.942144470548,-4054.8756430110802,-2.4463511440046024E11,3.3006297381169136E10,-2245.8656126595497,-22070.53813591307,-6.762417744114713E10,-1.3446387004895116E11,26275.736447229803,-13623.97525115089
1.840320000002302E7,-3.943728299080817E11,2.036217287500172E11,-22102.91492984113,-4081.8269781835306,-2.448210716359804E11,3.109833325854073E10,-2058.6522752506507,-22095.057924099423,-6.534421101140152E10,-1.3562133254300304E11,26499.959329556852,-13168.534933331597
1.848960000002153E7,-3.9628028452616315E11,2.0326790629568866E11,-22051.17481407913,-4108.453955459393,-2.4499084138841943E11,2.9188312912437614E10,-1871.1568139326268,-22118.135332372858,-6.3045210720900246E10,-1.3673929059315897E11,26716.326317389787,-12709.542820864543
1.857600000002004E7,-3.981832811185221E11,2.0291179710981827E11,-21999.719510262938,-4134.761370615029,-2.4514439966066064E11,2.7276361111836918E10,-1683.3879938972725,-22139.766951801423,-6.072785755702742E10,-1.3781744311044052E11,26924.785974278708,-12247.13294952863
1.866240000001855E7,-4.000818441947365E11,2.0255342859855228E11,-21948.546748751654,-4160.753931994518,-2.4528172321451797E11,2.53626029197241E10,-1495.3546179443197,-22159.949385607997,-5.839283685500061E10,-1.3885550061165912E11,27125.28909241602,-11781.439930286979
1.8748800000017058E7,-4.019759980690418E11,2.021928277649417E11,-21897.654277266287,-4186.436262386643,-2.4540278957402017E11,2.3447163692031116E10,-1307.065527260477,-22178.679249446486,-5.604083810531302E10,-1.398531852676103E11,27317.78869263875,-11312.598914563794
1.8835200000015568E7,-4.0386576686182117E11,2.0183002121626044E11,-21847.039860956807,-4211.812900856099,-2.4550757702876044E11,2.1530169076550385E10,-1118.5296022005132,-22195.953171694135,-5.367255476119438E10,-1.4081023094827954E11,27502.240023985996,-10840.745559828556
1.8921600000014078E7,-4.0575117450112744E11,2.014650351711585E11,-21796.701282458267,-4236.888304530352,-2.4559606463731677E11,1.961174501182079E10,-929.7557630703569,-22211.767793758245,-5.128868404612929E10,-1.4172638326509152E11,27678.60056282712,-10366.015995488757
1.9008000000012588E7,-4.07632244724187E11,2.0109789546666895E11,-21746.63634193359,-4261.6668503433575,-2.4566823223073236E11,1.7692017725990242E10,-740.7529709120278,-22226.119770399127,-4.888992676146794E10,-1.4260139961022034E11,27846.830011572598,-9888.5467890918
1.9094400000011098E7,-4.09509001078922E11,2.0072862756505756E11,-21696.842857106934,-4286.152836737102,-2.457240604160757E11,1.5771113735646093E10,-551.5302282903364,-22239.005770068263,-4.647698709416695E10,-1.4343504919299838E11,28006.890296983558,-9408.474912837084
1.9180800000009608E7,-4.113814669254613E11,2.0035725656053763E11,-21647.318663285067,-4310.350485322187,-2.457635305800581E11,1.3849159844617216E10,-362.09658008115457,-22250.422475262254,-4.4050572424692116E10,-1.4422711307344028E11,28158.74556809199,-8925.937710398168
1.9267200000008117E7,-4.132496654376664E11,1.9998380718583575E11,-21598.061613369853,-4334.263942498515,-2.4578662489272437E11,1.192628314274481E10,-172.46111426122025,-22260.36658289312,-4.161139313511794E10,-1.449773841929171E11,28302.36219374539,-8441.072864054588
1.9353600000006627E7,-4.151136196046505E11,1.9960830381862112E11,-21549.06957786097,-4357.897281037223,-2.457933263112102E11,1.0002611004620365E10,17.367037300735067,-22268.834804674145,-3.916016241745486E10,-1.4568566740200754E11,28437.708759789595,-7954.018362132451
1.9440000000005137E7,-4.1697335223229724E11,1.992307704878013E11,-21500.340444849913,-4381.254501624661,-2.457836185835701E11,8.078271088289394E9,207.3786980516336,-22275.82386752267,-3.669759608223422E10,-1.4635177948553223E11,28564.75606590145,-7464.912466752899
1.9526400000003647E7,-4.188288859447812E11,1.9885123087968427E11,-21451.872120005275,-4404.339534369654,-2.457574862526715E11,6.153391333919986E9,397.5646459606121,-22281.330513978406,-3.422441236738352E10,-1.469755491848434E11,28683.477122084434,-6973.893681886401
1.9612800000002157E7,-4.2068024318608203E11,1.9846970834401096E11,-21403.66252655063,-4427.156240274861,-2.4571491466015942E11,4.2280999624342766E9,587.9156127246499,-22285.351502639165,-3.1741331747415344E10,-1.4755681721734195E11,28793.847144838925,-6481.100721711409
1.9699200000000667E7,-4.22527446221509E11,1.980862258998669E11,-21355.70960523481,-4449.70841267325,-2.456558899504868E11,2.3025254741016464E9,778.4222829734111,-22287.88360861268,-2.9249076742965137E10,-1.4809543629328445E11,28895.84355301979,-5986.672479274526
1.9785599999999177E7,-4.2437051713920465E11,1.9770080624146524E11,-21308.01131429508,-4471.99977863054,-2.455803990750157E11,3.767966470920684E8,969.0752934734365,-22288.923623986055,-2.6748371730695984E10,-1.4859127112989627E11,28989.445963392784,-5490.747995449728
1.9871999999997687E7,-4.262094778516571E11,1.973134717438141E11,-21260.565629413362,-4494.034000314557,-2.4548842979618988E11,-1.5489574640117173E9,1159.8652323318777,-22288.468358311482,-2.4239942753602066E10,-1.490441984628122E11,29074.636185899697,-4993.466428193914
1.9958399999996196E7,-4.2804435009720636E11,1.969242444682667E11,-21213.370543667304,-4515.814676332213,-2.4537997069177054E11,-3.474607529744821E9,1350.782638199882,-22286.514639109773,-2.172451733173318E10,-1.494541070548753E11,29151.398218644517,-4494.967022094599
2.0044799999994706E7,-4.298751554415421E11,1.9653314616795422E11,-21166.424067474352,-4537.345343035277,-2.4525501115914413E11,-5.400023947335121E9,1541.8179994758514,-22283.059312391146,-1.9202824273363342E10,-1.4982089770231653E11,29219.71824261131,-3995.3890782070216
2.0131199999993216E7,-4.31701915279202E11,1.961401982931108E11,-21119.72422853071,-4558.629475795414,-2.4511354141969998E11,-7.325076842323824E9,1732.9617535086932,-22278.09924319335,-1.6675593486627691E10,-1.5014448323834064E11,29279.584616122538,-3494.871924176015
2.0217599999991726E7,-4.335246508350605E11,1.9574542199628806E11,-21073.269071745326,-4579.6704902493975,-2.4495555252327386E11,-9.249636070233297E9,1924.2042858012683,-22271.631316138228,-1.4143555791649055E10,-1.504247885341428E11,29330.98786905009,-2993.554884638706
2.0303999999990236E7,-4.353433831658151E11,1.9534883813746332E11,-21027.05665916893,-4600.471743515387,-2.4478103635266254E11,-1.1173571218283934E10,2115.53592921421,-22263.652436005428,-1.1607442733174303E10,-1.5066175049738147E11,29373.920696786536,-2491.577251903413
2.0390399999988746E7,-4.3715813316146027E11,1.94950467289043E11,-20981.085069918277,-4621.036535380826,-2.445899856282065E11,-1.3096751607161114E10,2306.946963170323,-22254.159528324886,-9.067986393742579E9,-1.5085531806812555E11,29408.37795398617,-1989.0782569000405
2.0476799999987256E7,-4.389689215467602E11,1.945503297407681E11,-20935.352400096646,-4641.368109462791,-2.443823939124413E11,-1.5019046292834387E10,2498.4276128596334,-22243.149539987156,-6.525919207403084E9,-1.5100545221230817E11,29434.35664808595,-1486.1970403968855
2.0563199999985766E7,-4.407757688827161E11,1.9414844550451706E11,-20889.85676270978,-4661.469654341602,-2.4415825561481723E11,-1.6940324068429928E10,2689.9680484455153,-22230.619439872353,-3.981973774002641E9,-1.5111212591270328E11,29451.855932613656,-983.0726244786515
2.0649599999984276E7,-4.42578695568014E11,1.937448343190102E11,-20844.596287578475,-4681.344304668059,-2.4391756599648865E11,-1.8860453466158375E10,2881.558384271894,-22216.56621949809,-1.4368826740595863E9,-1.5117532415744714E11,29460.877100291855,-479.8438842801602
2.0735999999982785E7,-4.443777218404861E11,1.9333951565442743E11,-20799.569121247747,-4700.995142245401,-2.4366032117517004E11,-2.0779302759299538E10,3073.188678071789,-22200.986893686,1.1086217157575932E9,-1.511950439261275E11,29461.423575945,23.350480029809574
2.0822399999981295E7,-4.461728677785414E11,1.9293250871692453E11,-20754.773426892327,-4720.425197086377,-2.433865181300628E11,-2.269673996424482E10,3264.8489301774216,-22183.878501247207,3.6538074065304604E9,-1.511712941734703E11,29453.500909217404,526.3719710205223
2.0908799999979805E7,-4.479641533026044E11,1.925238324530636E11,-20710.207384219575,-4739.637448445938,-2.4309615470684653E11,-2.461263284260079E10,3456.529082732138,-22165.238105686927,6.197942980354053E9,-1.5110409581062784E11,29437.116767109743,1029.0823215330292
2.0995199999978315E7,-4.497515981765362E11,1.9211350555415726E11,-20665.86918936967,-4758.634825830537,-2.4278922962274088E11,-2.652684890335353E10,3648.219018904281,-22145.06279592939,8.740297772947643E9,-1.5099348168410358E11,29412.2809263392,1531.343521981907
2.1081599999976825E7,-4.515352220090485E11,1.9170154646051993E11,-20621.757054812406,-4777.4202099844,-2.424657424716381E11,-2.843925540509711E10,3839.9085621034346,-22123.34968706108,1.1280142055598175E10,-1.5083949655232788E11,29379.005265531043,2033.0178474312718
2.1167999999975335E7,-4.5331504425511365E11,1.9128797336564337E11,-20577.869209243,-4795.996433853381,-2.4212569372929675E11,-3.0349719358326717E10,4031.5874751989522,-22100.09592109479,1.3816747216421675E10,-1.5064219705989944E11,29337.30375724646,2533.9678844516607
2.1254399999973845E7,-4.550910842173625E11,1.908728042202832E11,-20534.20389747459,-4814.3662835268215,-2.417690847586064E11,-3.225810752779864E10,4223.245459741406,-22075.298667753246,1.6349385940929533E10,-1.5040165170952017E11,29287.192459853126,3034.056557764063
2.1340799999972355E7,-4.568633610474669E11,1.9045605673646725E11,-20490.759380328775,-4832.5324991583975,-2.413959178149191E11,-3.416428643495918E10,4414.872155186865,-22048.95512527289,1.8877332391885273E10,-1.5011794083163605E11,29228.689509242475,3533.1471566782257
2.1427199999970865E7,-4.5863189374752234E11,1.9003774839142703E11,-20447.53393452453,-4850.497775866034,-2.4100619605144962E11,-3.6068122360443825E10,4606.457138124504,-22021.06252122832,2.1399862388439503E10,-1.4979115655180124E11,29161.815110399704,4031.1033613315903
2.1513599999969374E7,-4.603967011714167E11,1.8961789643144894E11,-20404.525852565595,-4868.264764611469,-2.40599923524737E11,-3.796948134664802E10,4797.989921507644,-21991.61811337714,2.3916253584530064E10,-1.494214027557837E11,29086.591528829733,4527.789268735977
2.1599999999967884E7,-4.621578020261859E11,1.891965178756534E11,-20361.733442626453,-4885.836073060516,-2.4017710520017914E11,-3.9868229200372696E10,4989.459953888658,-21960.619190525646,2.6425785646536026E10,-1.4900879505242957E11,29003.04308184392,5023.069418638987
2.1686399999966394E7,-4.6391521487336646E11,1.8877362951969867E11,-20319.155028435933,-4903.214266423572,-2.397377469576291E11,-4.176423149554476E10,5180.856618657727,-21928.063073415295,2.8927740430171803E10,-1.485534607342977E11,28911.196129710654,5516.808819206861
2.1772799999964904E7,-4.6566895813032935E11,1.883492479394123E11,-20276.788949160622,-4920.401868277742,-2.3928185559705585E11,-4.36573535760151E10,5372.169233286242,-21893.947115630795,3.1421402156612083E10,-1.4805553873608945E11,28811.079066673683,6008.87297253617
2.1859199999963414E7,-4.674190500716195E11,1.87923389494354E11,-20234.633559286707,-4937.401361370476,-2.3880943884427432E11,-4.554746055843673E10,5563.387048574659,-21858.268704528968,3.3906057587834316E10,-1.4751517959087115E11,28702.722311839952,6499.127900001048
2.1945599999961924E7,-4.691655088302609E11,1.8749607033131177E11,-20192.68722850062,-4954.215188405523,-2.3832050535673752E11,-4.743441733522363E10,5754.499247905202,-21821.025262189854,3.638099620116871E10,-1.469325453841238E11,28586.15829994087,6987.440167443393
2.2031999999960434E7,-4.709083523990733E11,1.8706730638772443E11,-20150.94834156871,-4970.845752811355,-2.3781506472939233E11,-4.93180885775923E10,5945.49494650013,-21782.214246389194,3.884551036304436E10,-1.4630780970561902E11,28461.421471967646,7473.676910213038
2.2118399999958944E7,-4.726475986319652E11,1.8663711339504483E11,-20109.415298216994,-4987.295419492781,-2.3729312750060278E11,-5.1198338738688446E10,6136.363190685226,-21741.83315159264,4.1298895501921684E10,-1.4564115759912888E11,28328.548265683585,7957.705858064771
2.2204799999957453E7,-4.743832652452257E11,1.8620550688203326E11,-20068.086513009508,-5003.566515565918,-2.367547051581327E11,-5.30750320568019E10,6327.092957159341,-21699.87950997246,4.374045028039882E10,-1.4493278551000882E11,28187.57710601372,8439.39535991965
2.2291199999955963E7,-4.7611536981879755E11,1.857725021779991E11,-20026.960415225385,-5019.66133107694,-2.361998101451924E11,-5.494803255866755E10,6517.673152270298,-21656.350892446833,4.616947676648249E10,-1.4418290123063107E11,28038.548395313926,8918.614408497258
2.2377599999954473E7,-4.7784392979754407E11,1.8533811441596326E11,-19986.035448737082,-5035.582119705376,-2.356284558665505E11,-5.6817204062860275E10,6708.092611297139,-21611.24490974101,4.858528060401422E10,-1.43391723843702E11,27881.504503519078,9395.232664826337
2.2463999999952983E7,-4.7956896249250616E11,1.8490235853577637E11,-19945.310071887307,-5051.331099451747,-2.3504065669470218E11,-5.8682410183279884E10,6898.340097739518,-21564.55921347185,5.098717118223854E10,-1.4255948366346616E11,27716.4897581708,9869.120482640494
2.2550399999951493E7,-4.8129048508214856E11,1.844652492871713E11,-19904.782757365003,-5066.910453310381,-2.3443642797610046E11,-6.054351433273236E10,7088.40430261418,-21516.291497254948,5.337446180450559E10,-1.4168642217480505E11,27543.550434325265,10340.148932665914
2.2636799999950003E7,-4.8300851461358496E11,1.84026801232757E11,-19864.45199208258,-5082.322329927672,-2.3381578603745444E11,-6.240037972660688E10,7278.273843759369,-21466.439497834937,5.5746469856095245E10,-1.4077279197024542E11,27362.734744340007,10808.189826808151
2.2723199999948513E7,-4.847230680038149E11,1.8358702875096198E11,-19824.31627705162,-5097.568844245874,-2.3317874819207672E11,-6.425286938665234E10,7467.937265146994,-21415.000996239185,5.810251697115532E10,-1.3981885668487775E11,27174.092827538454,11273.115742244107
2.2809599999947023E7,-4.864341620409257E11,1.831459460389165E11,-19784.37412725945,-5112.652078133217,-2.3252533274629477E11,-6.6100846144851715E10,7657.383036203456,-21361.973818954535,6.0441929198739845E10,-1.3882489092919968E11,26977.67673975249,11734.800045426746
2.2895999999945533E7,-4.8814181338530194E11,1.8270356711528378E11,-19744.62407154516,-5127.574081000325,-2.318555590059235E11,-6.79441726474074E10,7846.59955113931,-21307.35583912858,6.276403716793936E10,-1.3779118021989072E11,26773.54044274037,12193.116916008623
2.2982399999944042E7,-4.898460385708121E11,1.822599058230376E11,-19705.064652475725,-5142.336870403352,-2.3116944728279236E11,-6.978271135881854E10,8035.575128287961,-21251.14497779418,6.5068176252091385E10,-1.367180209085181E11,26561.739793477456,12647.941370690158
2.3068799999942552E7,-4.915468540059901E11,1.8181497583219122E11,-19665.69442622211,-5156.942432634417,-2.3046701890132538E11,-7.161632456607533E10,8224.298009454258,-21193.339205118038,6.735368673205979E10,-1.3560572010819014E11,26342.332533320718,13099.149287000015
2.3155199999941062E7,-4.9324427597520874E11,1.8136879064247073E11,-19626.511962436558,-5171.3927232991055,-2.2974829620518607E11,-7.344487438295915E10,8412.756359273215,-21133.93654167375,6.961991395857283E10,-1.3445459561815428E11,26115.37827703979,13546.617427013147
2.3241599999939572E7,-4.949383206398363E11,1.8092136358594397E11,-19587.51584412848,-5185.689667881804,-2.2901330256396933E11,-7.526822275445334E10,8600.93826457872,-21072.935059739033,7.186620851360645E10,-1.3326497584635008E11,25880.938501715962,13990.223461012129
2.3327999999938082E7,-4.966290040393836E11,1.8047270782959763E11,-19548.7046675419,-5199.835162299184,-2.2826206237994974E11,-7.708623146126624E10,8788.831733784209,-21010.332884617434,7.409192637080585E10,-1.3203719972992107E11,25639.07653550313,14429.84599109875
2.341439999993659E7,-4.983163420926451E11,1.800228363778695E11,-19510.077042032663,-5213.83107344164,-2.2749460109488785E11,-7.889876212447273E10,8976.424696273936,-20946.12819598534,7.629642905492331E10,-1.3077161665368494E11,25389.85754624897,14865.364574760224
2.35007999999351E7,-5.0000035059882837E11,1.7957176207513226E11,-19471.6315899461,-5227.679239703553,-2.2671094519687708E11,-8.070567621026878E10,9163.705001806546,-20880.319229263165,7.847908380027528E10,-1.2946858636657367E11,25133.348529970903,15296.659748396689
2.358719999993361E7,-5.0168104523866394E11,1.7911949760813477E11,-19433.366946495,-5241.381471502168,-2.2591112222725488E11,-8.250683503484984E10,9350.660419930899,-20812.904277011767,8.063926370819153E10,-1.2812847889603835E11,24869.618299184567,15723.613050814512
2.367359999993212E7,-5.033584415755189E11,1.786660555083944E11,-19395.281759638277,-5254.939551785703,-2.2509516078755515E11,-8.430209976940791E10,9537.278639414848,-20743.881690354443,8.277634790345052E10,-1.2675167446042833E11,24598.737471078293,16146.107046691082
2.375999999993063E7,-5.050325550564912E11,1.7821144815455222E11,-19357.374689960263,-5268.355236530777,-2.2426309054651224E11,-8.609133144525397E10,9723.547267687654,-20673.24988042408,8.488972168968643E10,-1.2533856337934552E11,24320.778455530817,16564.025350015363
2.384639999992914E7,-5.067034010134927E11,1.7775568777467914E11,-19319.644410549492,-5281.63025522931,-2.234149422471104E11,-8.787439095906598E10,9909.453830295428,-20601.007319835633,8.697877670375456E10,-1.2388954598196687E11,24035.815442965562,16977.252647509504
2.393279999992765E7,-5.083709946643255E11,1.7729878644854633E11,-19282.089606879406,-5294.766311365418,-2.225507477136857E11,-8.96511390782657E10,10094.985770372266,-20527.15254418457,8.904291106904037E10,-1.2240503251335254E11,23743.92439203757,17385.67472203554
2.401919999992616E7,-5.100353511137467E11,1.7684075610984912E11,-19244.70897668915,-5307.7650828823835,-2.2167053985906494E11,-9.142143644652667E10,10280.130448125536,-20451.684153570513,9.10815295476952E10,-1.2088544303872859E11,23445.183017146184,17789.178475992245
2.410559999992467E7,-5.116964853545263E11,1.7638160854839572E11,-19207.50122986435,-5320.628222639757,-2.2077435269175272E11,-9.31851435894119E10,10464.875140336666,-20374.60081414767,9.309404369178769E10,-1.1933120734574742E11,23139.670775768704,18187.651954704146
2.419199999992318E7,-5.133544122684884E11,1.7592135541225558E11,-19170.465088319637,-5333.357358861203,-2.198622213231627E11,-9.494212092015173E10,10649.207039878414,-20295.901259700782,9.507987199335034E10,-1.1774276484472917E11,22827.46885560807,18580.984369808706
2.427839999992169E7,-5.150091466275426E11,1.7546000820986697E11,-19133.599285880686,-5345.954095573081,-2.189341819748844E11,-9.6692228745554E10,10833.113255248394,-20215.58429324717,9.703844003331209E10,-1.1612056446688196E11,22508.660161548774,18969.066122643726
2.43647999999202E7,-5.166607030947158E11,1.749975783121119E11,-19096.902568168156,-5358.420013033749,-2.1799027198599588E11,-9.843532727205685E10,11016.58081012011,-20133.648788664916,9.896918062928886E10,-1.1446506456050095E11,22183.329302414193,19351.78882763875
2.445119999991871E7,-5.18309096225161E11,1.7453407695434848E11,-19060.37369248106,-5370.756668154481,-2.1703052982040894E11,-1.0017127661192203E11,11199.596642911616,-20050.093692348288,1.0087153398222562E11,-1.127767327851468E11,21851.56257751825,19729.045335713025
2.453759999991722E7,-5.1995434046715894E11,1.7406951523841037E11,-19024.01142768224,-5382.965594911296,-2.160549950742545E11,-1.0189993678957283E11,11382.147606372724,-19964.918024888586,1.0274494782186682E11,-1.1105604600380136E11,21513.44796300423,20100.729757682147
2.462399999991573E7,-5.215964501631198E11,1.7360390413457425E11,-18987.81455408325,-5395.04830474883,-2.1506370848330075E11,-1.036211677480784E11,11564.220467191159,-19878.120882781914,1.0458887755103485E11,-1.093034901730022E11,21169.075097964105,20466.7374876769
2.471039999991424E7,-5.232354395505607E11,1.731372544834847E11,-18951.7818633312,-5407.006286975593,-2.1405671193040488E11,-1.0533482935578677E11,11745.80190561854,-19789.701440164146,1.0640278638870291E11,-1.0751956023095142E11,20818.53527032999,20826.965226575405
2.479679999991275E7,-5.248713227630824E11,1.7266957699805396E11,-18915.91215829536,-5418.841009151519,-2.1303404845299927E11,-1.0704078141310791E11,11926.87851511642,-19699.658950571356,1.0818614551183598E11,-1.0570475998359848E11,20461.9214025306,21181.311005449894
2.488319999991126E7,-5.265041138313356E11,1.7220088226532254E11,-18880.204252955442,-5430.553917467337,-2.119957622505977E11,-1.0873888365945299E11,12107.43680202365,-19607.992748728302,1.0993843419598204E11,-1.0385960198870015E11,20099.328036904164,21529.674209030505
2.496959999990977E7,-5.281338266839733E11,1.717311807482899E11,-18844.656972289973,-5442.1464371166485,-2.1094189869234906E11,-1.1042899578032462E11,12287.46318524492,-19514.702252363,1.1165913995459456E11,-1.0198460743784932E11,19730.851320859954,21871.955599186265
2.505599999990828E7,-5.297604751486002E11,1.712604827877123E11,-18809.269152166115,-5453.619972660207,-2.0987250432459045E11,-1.1211097741456989E11,12466.94399596211,-19419.78696404841,1.1334775867705986E11,-1.0008030603647444E11,19356.588991780238,22208.057338423645
2.514239999990679E7,-5.313840729527039E11,1.7078879860387027E11,-18774.039639229748,-5464.975908382944,-2.087876268784462E11,-1.1378468816179025E11,12645.865477368252,-19323.24647307098,1.1500379476540775E11,-9.814723588181015E10,18976.640361653892,22537.88301340435
2.52287999999053E7,-5.3300463372458624E11,1.7031613829830637E11,-18738.96729079721,-5476.215608643944,-2.0768731527743832E11,-1.1544998758991649E11,12824.213784425603,-19225.08045732578,1.1662676126968585E11,-9.618594333883206E10,18591.106301433167,22861.337658480126
2.531519999990381E7,-5.346221709942756E11,1.6984251185553027E11,-18704.050974746588,-5487.340418219428,-2.0657161964511856E11,-1.1710673524294485E11,13001.974983647526,-19125.288685239535,1.1821618002196588E11,-9.419698291415964E10,18200.089225104868,23178.327779246338
2.540159999990232E7,-5.362366981944406E11,1.6936792914469653E11,-18669.289569411514,-5498.351662638623,-2.0544059131272165E11,-1.1875479064884648E11,13179.135052906195,-19023.871017718993,1.1977158176896552E11,-9.218091712792352E10,17803.693073466333,23488.761376111503
2.548799999990083E7,-5.3784822866128375E11,1.688923999212543E11,-18634.681963474482,-5509.250648513422,-2.0429428282682877E11,-1.2039401332764006E11,13355.67988126597,-18920.8274101279,1.2129250630324983E11,-9.013831638359415E10,17402.023297598706,23792.547967883864
2.557439999989934E7,-5.394567756354317E11,1.6841593382856653E11,-18600.22705586176,-5520.038663860985,-2.031327479570479E11,-1.2202426279964052E11,13531.595268843086,-18816.1579142895,1.2277850259299788E11,-8.80697588357717E10,16995.186842026018,24089.598615370272
2.566079999989785E7,-5.410623522628205E11,1.6793854039950433E11,-18565.923755639087,-5530.716978420398,-2.019560417037034E11,-1.2364539859388016E11,13706.86692669322,-18709.86268051725,1.2422912891029514E11,-8.597583025593816E10,16583.292127553203,24379.825944988675
2.574719999989636E7,-5.4266497159556024E11,1.6746022905801077E11,-18531.770981907746,-5541.2868439628355,-2.0076422030553482E11,-1.2525728025670755E11,13881.48047672704,-18601.94195967063,1.2564395295793169E11,-8.385712389616954E10,16166.4490337714,24663.144172388987
2.583359999989487E7,-5.442646465928042E11,1.6698100912064044E11,-18497.767663702525,-5551.749494595651,-1.995573412474019E11,-1.2685976736056357E11,14055.421451654676,-18492.39610523896,1.2702255199467256E11,-8.171424035080301E10,15744.76888122307,24939.46912608149
2.591999999989338E7,-5.458613901215973E11,1.6650088979807538E11,-18463.912739889773,-5562.1061470606355,-1.9833546326799332E11,-1.2845271951294002E11,14228.675294960309,-18381.225575451692,1.2836451295897382E11,-7.95477874160675E10,15318.364413216228,25208.71827106915
2.600639999989189E7,-5.474552149577256E11,1.6601988019660916E11,-18430.205159066463,-5572.358001026205,-1.9709864636753516E11,-1.3003599636552167E11,14401.227360906762,-18268.43093541483,1.2966943259111063E11,-7.735837994766647E10,14887.349777278043,25470.810732478334
2.60927999998904E7,-5.4904613378654865E11,1.6553798931961206E11,-18396.643879460655,-5582.506239374139,-1.9584695181549686E11,-1.3160945762351288E11,14573.062914572196,-18154.01285927371,1.3093691755368573E11,-7.514663971632602E10,14451.840506239061,25725.66731918657
2.6179199999888908E7,-5.506341592038334E11,1.650552260689676E11,-18363.227868832037,-5592.552028480559,-1.945804421582975E11,-1.3317296305515404E11,14744.167131918388,-18037.972132402927,1.321665845504921E11,-7.291319526129663E10,14011.95349893774,25973.21054744127
2.6265599999887418E7,-5.522193037165637E11,1.6457159924648895E11,-18329.956104374356,-5602.49651849148,-1.9329918122699774E11,-1.347263725014262E11,14914.5250998929,-17920.309653621316,1.3335806044368576E11,-7.065868174181573E10,13567.80700053557,26213.364664464472
2.6351999999885928E7,-5.538015797437599E11,1.6408711755530698E11,-18296.827572618087,-5612.340843593048,-1.9200323414498758E11,-1.3626954588594948E11,15084.12181656463,-17801.02643743364,1.3451098236924391E11,-6.838374078653583E10,13119.520582433679,26446.055672037783
2.6438399999884438E7,-5.553809996172819E11,1.6360178960123862E11,-18263.841269333963,-5622.086122276688,-1.9069266733565778E11,-1.3780234322507684E11,15252.942191294203,-17680.123616297988,1.35624997850671E11,-6.608902034090823E10,12667.215121780346,26671.211350063433
2.6524799999882948E7,-5.569575755826144E11,1.631156238941321E11,-18230.996199437905,-5631.733457598812,-1.8936754853005423E11,-1.3932462463818332E11,15420.971044940752,-17557.602442918396,1.3669976491091426E11,-6.37751745125394E10,12211.01278056094,26888.761280093117
2.6611199999881458E7,-5.58531319799661E11,1.626286288491895E11,-18198.29137689664,-5641.283937435903,-1.8802794677451566E11,-1.4083625035815637E11,15588.193110104443,-17433.46429256334,1.3773495218245413E11,-6.1442863414512245E10,11751.036984259666,27098.63686881869
2.6697599999879967E7,-5.601022443435189E11,1.6214081278826654E11,-18165.725824633813,-5650.7386347343645,-1.866739324382869E11,-1.4233708074208487E11,15754.593031407263,-17307.710665408722,1.3873023901553348E11,-5.9092753006682106E10,11287.412400083847,27300.77137151693
2.6783999999878477E7,-5.616703612052485E11,1.6165218394115295E11,-18133.29857443784,-5660.098607755958,-1.8530557722110623E11,-1.4382697628215408E11,15920.155365811823,-17180.343188906976,1.3968531558448618E11,-5.672551493494629E10,10820.264914741809,27495.099915442366
2.6870399999876987E7,-5.632356822926405E11,1.6116275044683026E11,-18101.008666869657,-5669.364900318294,-1.8392295416076636E11,-1.4530579761674557E11,16084.8645829798,-17051.36362017907,1.4059988299212613E11,-5.434182636849843E10,10349.721611764135,27681.559523157066
2.6956799999875497E7,-5.647982194309618E11,1.6067252035470862E11,-18068.855151172746,-5678.538542030752,-1.8252613764063687E11,-1.46773405541745E11,16248.705065670738,-16920.773848431738,1.4147365337215607E11,-5.194236983506732E10,9875.91074835998,27860.089135790993
2.7043199999874007E7,-5.663579843637068E11,1.6018150162584814E11,-18036.83708518225,-5687.620548526148,-1.8111520339715543E11,-1.4822966102205957E11,16411.661110181754,-16788.575897399478,1.4230634998955206E11,-4.952783305415151E10,9398.961731798,28030.62963622395
2.7129599999872517E7,-5.679149887533354E11,1.596897021341501E11,-18004.953535236342,-5696.611921687701,-1.7969022852727823E11,-1.4967442520334726E11,16573.71692683005,-16654.771927808055,1.4309770733889908E11,-4.7098908768253075E10,8919.005095304716,28193.12387217687
2.7215999999871027E7,-5.694692441820039E11,1.5919712966754257E11,-17973.203576088574,-5705.513649872039,-1.7825129149588422E11,-1.5110755942396E11,16734.85664047815,-16519.364239863502,1.4384747124060953E11,-4.465629457212266E10,8436.17247346933,28347.51667920554
2.7302399999869537E7,-5.710207621522839E11,1.5870379192913287E11,-17941.58629081988,-5714.326708127787,-1.7679847214313736E11,-1.5252892522710385E11,16895.06429110365,-16382.355275762158,1.4455539893500043E11,-4.220069274001906E10,7950.596577148164,28493.754903584428
2.7388799999868046E7,-5.725695540878896E11,1.5820969653835425E11,-17910.100770752673,-5723.052058410017,-1.7533185169179184E11,-1.5393838437321512E11,17054.32383441381,-16243.747622224497,1.4522125917418378E11,-3.973281005100065E10,7462.41116785914,28631.787425069382
2.7475199999866556E7,-5.741156313343676E11,1.5771485103208337E11,-17878.74611536526,-5731.690649790951,-1.7385151275444516E11,-1.5533579885255817E11,17212.61914250673,-16103.544013049846,1.4584483231171378E11,-3.725335761225292E10,6971.751031658308,28761.565179528945
2.7561599999865066E7,-5.756590051598165E11,1.5721926286574643E11,-17847.521432207162,-5740.243418666485,-1.7235753934073285E11,-1.567210308980443E11,17369.934004579332,-15961.747331693317,1.4642591038996497E11,-3.47630506804686E10,6478.751952490594,28883.041181431297
2.7647999999863576E7,-5.771996867555745E11,1.5672293941440515E11,-17816.425836815477,-5748.711288958864,-1.7085001686445792E11,-1.5809394299827185E11,17526.25212768376,-15818.360613863255,1.4696429722517603E11,-3.226260848129005E10,5983.55068500656,28996.170546174268
2.7734399999862086E7,-5.787376872368955E11,1.5622588797382697E11,-17785.45845263194,-5757.095172315765,-1.693290321506538E11,-1.594543979108034E11,17681.55713753294,-15673.387050139658,1.474598084901248E11,-2.975275402683073E10,5486.284926837931,29100.91051224605
2.7820799999860596E7,-5.802730176436445E11,1.557281157615341E11,-17754.61841092122,-5765.395968305519,-1.6779467344257532E11,-1.608022586756442E11,17835.832579356327,-15526.829988611873,1.4791227179438696E11,-2.7234213931289497E10,4987.093290324498,29197.22046320335
2.7907199999859106E7,-5.81805688940962E11,1.5522962991784332E11,-17723.904850689214,-5773.614564608789,-1.6624703040861298E11,-1.621373886289797E11,17989.061918806714,-15378.692937536132,1.483215267621223E11,-2.4707718224673798E10,4486.115273685536,29285.06194945177
2.7993599999857616E7,-5.833357120199287E11,1.5473043750688135E11,-17693.316918603017,-5781.751837206826,-1.6468619414913162E11,-1.6345965141712003E11,18141.228542919638,-15228.979568011553,1.4868742510735507E11,-2.2174000164651035E10,3983.4912316288996,29364.39870981584
2.8079999999856126E7,-5.848630976982223E11,1.5423054551758887E11,-17662.853768911835,-5789.808650565906,-1.6311225720321274E11,-1.6476891101069424E11,18292.315761126254,-15077.693716673979,1.4900983070667258E11,-1.963379604654529E10,3479.362345391608,29435.196692882844
2.8166399999854635E7,-5.863878567207792E11,1.537299608647086E11,-17632.514563367637,-5797.78585781895,-1.6152531355531882E11,-1.660650317190621E11,18442.306806319877,-14924.839388407583,1.492886196693357E11,-1.7087845011500357E10,2973.8705922061063,29497.424078105018
2.8252799999853145E7,-5.87909999760429E11,1.5322869038975452E11,-17602.298471147853,-5805.684300943167,-1.599254586418563E11,-1.673478782049741E11,18591.184835978886,-14770.420759072924,1.4952368040470523E11,-1.4536888852830587E10,2467.158714186327,29551.051296645295
2.8339199999851655E7,-5.894295374185371E11,1.5272674086196933E11,-17572.20466877822,-5813.504810934958,-1.5831278935764136E11,-1.6861731549945804E11,18738.932933345433,-14614.442178250867,1.4971491368696558E11,-1.1981671820582184E10,1959.370186628646,29596.051051949766
2.8425599999850165E7,-5.909464802256309E11,1.5222411897926697E11,-17542.232340056835,-5821.248207981456,-1.5668740406225995E11,-1.6987320901695114E11,18885.534108661945,-14456.908172001602,1.4986223271708032E11,-9.422940424329796E9,1450.6491857228539,29632.398340030642
2.8511999999848675E7,-5.924608386420328E11,1.5172083136915775E11,-17512.3806759786,-5828.915301628964,-1.550494025863219E11,-1.7111542457066565E11,19030.971300465888,-14297.823445638169,1.4996556318193002E11,-6.861443234233537E9,941.1405556687854,29660.070469441955
2.8598399999847185E7,-5.939726230584791E11,1.5121688458966046E11,-17482.648874660794,-5836.506890948158,-1.5339888623759464E11,-1.7234382838819632E11,19175.22737694504,-14137.19288651338,1.5002484331059033E11,-4.297930680383829E9,430.98977519486954,29679.047080932563
2.8684799999845695E7,-5.954818437967231E11,1.507122851302008E11,-17453.036141269265,-5844.023764696695,-1.517359578070239E11,-1.7355828712737048E11,19318.285137352636,-13975.021566819021,1.500400239276879E11,-1.7331548504632888E9,-79.65707652490781,29689.31016675544
2.8771199999844205E7,-5.969885111101489E11,1.5020703941249527E11,-17423.54168794572,-5851.4667014784845,-1.5006072157462323E11,-1.7475866789233844E11,19460.127313484227,-13811.314746397224,1.500110685037794E11,8.321307142447494E8,-590.6533545584689,29690.844089618535
2.8857599999842715E7,-5.984926351843689E11,1.497011537914236E11,-17394.16473373537,-5858.836469900416,-1.483732833152407E11,-1.759448382499099E11,19600.736571218047,-13646.07787556221,1.499379532027185E11,3.3971712244685426E9,-1101.8518835099565,29683.635601256174
2.8943999999841224E7,-5.999942261378092E11,1.4919463455588293E11,-17364.904504515496,-5866.133828726032,-1.466737503041807E11,-1.7711666624613123E11,19740.09551211882,-13479.316597931938,1.4982066692593793E11,5.96121085014783E9,-1613.1049934226805,29667.673860602834
2.9030399999839734E7,-6.014932940223198E11,1.4868748792963382E11,-17335.760232925117,-5873.359527026603,-1.4496223132269128E11,-1.7827402042310965E11,19878.186675106444,-13311.036753268289,1.4965921135360617E11,8.523492929186165E9,-2124.2645562920657,29642.950451549917
2.9116799999838244E7,-6.029898488237274E11,1.481797200721292E11,-17306.731158295166,-5880.514304329451,-1.4323883666330194E11,-1.7941676983608725E11,20014.99253819064,-13141.244380324932,1.4945360098260678E11,1.1083260177718615E10,-2635.1820231892793,29609.459400266303
2.9203199999836754E7,-6.044839004624254E11,1.4767133707933456E11,-17277.81652657902,-5887.598890763631,-1.4150367813500983E11,-1.8054478407074835E11,20150.495520272965,-12969.94571970189,1.4920386316127676E11,1.3639754901856342E10,-3145.7084619956754,29567.197192062067
2.9289599999835264E7,-6.059754587939407E11,1.4716234498453278E11,-17249.01559028472,-5894.614007203002,-1.3975686906830322E11,-1.8165793326079126E11,20284.677983016503,-12797.147216705007,1.4891003812086548E11,1.619221921086796E10,-3655.69459574757,29516.162787774614
2.9375999999833774E7,-6.074645336095055E11,1.4665274975911884E11,-17220.32760840719,-5901.560365406817,-1.3799852432002737E11,-1.827560881057348E11,20417.522232784424,-12622.855524210141,1.48572179003648E11,1.8739895231754955E10,-4164.99084159031,29456.357639658727
2.9462399999832284E7,-6.089511346365978E11,1.4614255731337973E11,-17191.75184636123,-5908.438668157807,-1.3622876027807404E11,-1.8383911988897595E11,20549.01052264918,-12447.077505530231,1.481903518876497E11,2.1282025325178246E10,-4673.447350339712,29387.785706756276
2.9548799999830794E7,-6.104352715395076E11,1.4563177349726465E11,-17163.28757591561,-5915.24960939788,-1.3444769486589769E11,-1.8490690049609528E11,20679.125054472446,-12269.820237283448,1.4776463580792987E11,2.3817852302689064E10,-5180.914046648664,29310.453469727767
2.9635199999829303E7,-6.11916953919877E11,1.4512040410114468E11,-17134.93407512782,-5921.9938743612065,-1.3265544754684717E11,-1.8595930243341296E11,20807.847981057166,-12091.091012262561,1.472951227743591E11,2.634661964521742E10,-5687.240669775707,29224.36994512225
2.9721599999827813E7,-6.133961913172388E11,1.446084548565568E11,-17106.690628279233,-5928.672139705302,-1.3085213932830765E11,-1.8699619884678677E11,20935.1614083727,-11910.897342302731,1.4678191778585953E11,2.886757172276819E10,-6192.276814951651,29129.54669906429
2.9807999999826323E7,-6.148729932095581E11,1.440959314369403E11,-17078.556525811415,-5935.285073639574,-1.2903789276564958E11,-1.880174635406646E11,21061.047397853894,-11729.246961147242,1.462251388410409E11,3.1379954015274685E10,-6695.871975339984,29025.997860337302
2.9894399999824833E7,-6.163473690137523E11,1.4358283945836346E11,-17050.531064262665,-5941.833336051727,-1.2721283196597491E11,-1.8902297099737732E11,21185.487968775342,-11546.14782730934,1.45624916945179E11,3.388301333455432E10,-7197.875584585518,28913.740132839237
2.9980799999823343E7,-6.178193280862281E11,1.430691844802341E11,-17022.613546205605,-5948.317578631951,-1.2537708259165266E11,-1.9001259639668625E11,21308.465100701702,-11361.608126928575,1.4498139611350726E11,3.637599804731395E10,-7698.137059945503,28792.792807390448
3.0067199999821853E7,-6.192888797233892E11,1.4255497200600345E11,-16994.80328018533,-5954.738444994952,-1.2353077186364305E11,-1.9098621563556937E11,21429.960736014087,-11175.63627662075,1.4429473337074188E11,3.885815829914576E10,-8196.505845996477,28663.177772869924
3.0153599999820363E7,-6.20756033162153E11,1.4204020748385977E11,-16967.099580658203,-5961.096570799826,-1.2167402856459673E11,-1.919437053482602E11,21549.95678251515,-10988.240926318791,1.435650987468179E11,4.13287462394555E10,-8692.831458909055,28524.919526658272
3.0239999999818873E7,-6.222207975804617E11,1.415248963074092E11,-16939.501767931615,-5967.392583867929,-1.1980698304172795E11,-1.9288494292652637E11,21668.435116112247,-10799.43096210461,1.4279267526876596E11,4.378701624726295E10,-9186.963531282432,28378.04518436494
3.0326399999817383E7,-6.236831820977794E11,1.410090438163491E11,-16912.009168103927,-5973.627104298635,-1.1792976720945177E11,-1.9380980654019943E11,21785.37758358045,-10609.215509028278,1.4197765894869995E11,4.6232225157809944E10,-9678.75185752982,28222.58448881601
3.0412799999815892E7,-6.251431957755947E11,1.4049265529712762E11,-16884.62111300538,-5979.800744583119,-1.1604251455177718E11,-1.9471817515793665E11,21900.76600540527,-10417.603933914272,1.4112025876785474E11,4.8663632489913376E10,-10168.046439804086,28058.56981828191
3.0499199999814402E7,-6.266008476179137E11,1.3997573598360236E11,-16857.33694013997,-5985.914109716393,-1.1414536012445584E11,-1.956099285682357E11,22014.582178707435,-10224.605848152689,1.4022069665663422E11,5.108050067399495E10,-10654.697534453828,27886.036193920092
3.0585599999812912E7,-6.280561465717384E11,1.394582910576754E11,-16830.155992626984,-5991.967797306981,-1.1223844055686731E11,-1.9648494740068207E11,22126.80788024882,-10030.23111047341,1.392792074706233E11,5.348209528071912E10,-11138.55569899718,27705.02128641199
3.0671999999811422E7,-6.295091015275646E11,1.389403256499325E11,-16803.07761914449,-5997.962397685185,-1.1032189405364876E11,-1.9734311314744116E11,22237.424869521303,-9834.4898297013,1.382960389625183E11,5.586768525016781E10,-11619.471839601623,27515.565421770978
3.0758399999809932E7,-6.309597213198531E11,1.3842184484026562E11,-16776.101173872496,-6003.8984940091805,-1.083958603960496E11,-1.981843081849826E11,22346.41489191924,-9637.392367490971,1.3727145174993639E11,5.82365431214833E10,-12097.297259056448,27317.711586298276
3.084479999980844E7,-6.324080147274956E11,1.3790285365848624E11,-16749.226016436936,-6009.7766623695225,-1.0646048094300867E11,-1.9900841579604462E11,22453.75968199594,-9438.949341038897,1.3620571927905774E11,6.05879452628989E10,-12571.883705223188,27111.50543066501
3.093119999980695E7,-6.338539904742905E11,1.3738335708493602E11,-16722.451511854466,-6015.597471891794,-1.0451589863194827E11,-1.9981532019182648E11,22559.44096680455,-9239.171625770996,1.3509912778406053E11,6.2921172102083824E10,-13043.083419949226,26896.995273098724
3.101759999980546E7,-6.35297657229405E11,1.3686336005107848E11,-16695.777030478097,-6021.361484837316,-1.0256225797927382E11,-2.0060490653441388E11,22663.4404693251,-9038.070358003266,1.3395197624231165E11,6.52355083567263E10,-13510.749188428921,26674.232101650876
3.110399999980397E7,-6.367390236078372E11,1.3634286744009254E11,-16669.201947942478,-6027.069256702601,-1.005997050805759E11,-2.0137706095943735E11,22765.73991197668,-8835.656937573996,1.3276457632527379E11,6.753024326526957E10,-13974.734388994866,26443.269575524802
3.119039999980248E7,-6.381780981708615E11,1.3582188408745056E11,-16642.725645111394,-6032.721336316773,-9.862838761052176E10,-2.0213167059895148E11,22866.32102021681,-8631.943030445393,1.31537252345092E11,6.980467081772261E10,-14434.893043321781,26204.164025441307
3.127679999980099E7,-6.396148894264812E11,1.3530041478149036E11,-16616.347508023944,-6038.318265937506,-9.664845482243654E10,-2.0286862360453867E11,22965.165526227567,-8426.940571271689,1.3027034119682559E11,7.205808998646036E10,-14891.079867024639,25956.974453022227
3.13631999997995E7,-6.410494058298799E11,1.3477846426397949E11,-16590.06692784284,-6043.86058134522,-9.466005754755824E10,-2.0358780917063422E11,23062.25517268926,-8220.66176593245,1.2896419229629398E11,7.428980495692412E10,-15343.15032063106,25701.762529168678
3.144959999979801E7,-6.424816557838546E11,1.3425603723067067E11,-16563.883300802696,-6049.348811935827,-9.266334819396558E10,-2.0428911755806906E11,23157.57171664192,-8013.119094028255,1.2761916751349893E11,7.649912535814351E10,-15790.960660908144,25438.592591415163
3.153599999979652E7,-6.439116476392598E11,1.337331383318486E11,-16537.796028158824,-6054.783480811995,-9.065848074516595E10,-2.0497244011782385E11,23251.09693343578,-7804.325311336708,1.2623564110160254E11,7.868536649298166E10,-16234.367992521842,25167.531640238605
