X,Y,VX,VY
-1.219024854566760E+08,-8.830999621339682E+07,1.698154915953803E+01,-2.422995800936565E+01
-1.204177057657562E+08,-9.039064737492749E+07,1.738755428470165E+01,-2.393218709879027E+01
-1.188980542231675E+08,-9.244529195673847E+07,1.778876201226917E+01,-2.362795067755871E+01
-1.173439471611308E+08,-9.447337023822281E+07,1.818512616118622E+01,-2.331722015218552E+01
-1.157558059376190E+08,-9.647431926965176E+07,1.857657554798747E+01,-2.299994998996098E+01
-1.141340593681229E+08,-9.844757159206642E+07,1.896300763454087E+01,-2.267608224990550E+01
-1.124791467232912E+08,-1.003925544373185E+08,1.934428181002712E+01,-2.234555335977662E+01
-1.107915213014392E+08,-1.023086896591792E+08,1.972021303076523E+01,-2.200830450958846E+01
-1.090716544617193E+08,-1.041953947652703E+08,2.009056802753960E+01,-2.166429685863847E+01
-1.073200397434126E+08,-1.060520854663754E+08,2.045506780719406E+01,-2.131353116707229E+01
-1.055371963517284E+08,-1.078781800006293E+08,2.081340034411365E+01,-2.095606836456305E+01
-1.037236710455282E+08,-1.096731050402550E+08,2.116524469338954E+01,-2.059204431045680E+01
-1.018800375760843E+08,-1.114363023487692E+08,2.151030237121812E+01,-2.022167136633671E+01
-1.000068934234605E+08,-1.131672348613059E+08,2.184832675132841E+01,-1.984522349679164E+01
-9.810485444419029E+07,-1.148653908845702E+08,2.217914067231855E+01,-1.946300890923088E+01
-9.617454869919311E+07,-1.165302857305094E+08,2.250263767768372E+01,-1.907533978546276E+01
-9.421661080369200E+07,-1.181614609636001E+08,2.281876967513679E+01,-1.868250857620039E+01
-9.223167767309256E+07,-1.197584820731025E+08,2.312752829088603E+01,-1.828477552683452E+01
-9.022038588781440E+07,-1.213209355395642E+08,2.342892701220261E+01,-1.788236665218253E+01
-8.818337040722354E+07,-1.228484260446720E+08,2.372298820740589E+01,-1.747547835352001E+01
-8.612126415163520E+07,-1.243405742161587E+08,2.400973596546069E+01,-1.706428457849702E+01
-8.403469798266047E+07,-1.257970149898590E+08,2.428919378814433E+01,-1.664894357491460E+01
-8.192430073178585E+07,-1.272173964759768E+08,2.456138549807069E+01,-1.622960263740184E+01
-7.979069907052615E+07,-1.286013791239102E+08,2.482633774639662E+01,-1.580640022688514E+01
-7.763451714564328E+07,-1.299486349539237E+08,2.508408273063869E+01,-1.537946542667956E+01
-7.545637601372492E+07,-1.312588466376387E+08,2.533465993837276E+01,-1.494891506973032E+01
-7.325689300420476E+07,-1.325317062525990E+08,2.557811590872021E+01,-1.451484920929248E+01
-7.103668121693499E+07,-1.337669136103462E+08,2.581450126279936E+01,-1.407734598288901E+01
-6.879634940662767E+07,-1.349641741638554E+08,2.604386472419572E+01,-1.363645726414605E+01
-6.653650250152165E+07,-1.361231966283100E+08,2.626624455505518E+01,-1.319220661775547E+01
-6.425774293284438E+07,-1.372436905706348E+08,2.648165860843216E+01,-1.274459077341301E+01
-6.196067282224587E+07,-1.383253642987510E+08,2.669009472022195E+01,-1.229358509013577E+01
-5.964589692186128E+07,-1.393679233817973E+08,2.689150314555567E+01,-1.183915254941627E+01
-5.731402607572591E+07,-1.403710700597913E+08,2.708579217875446E+01,-1.138125513069319E+01
-5.496568090604365E+07,-1.413345036924672E+08,2.727282733845946E+01,-1.091986629992331E+01
-5.260149541800933E+07,-1.422579223007050E+08,2.745243404877202E+01,-1.045498370025963E+01
-5.022212022184425E+07,-1.431410251932342E+08,2.762440386149798E+01,-9.986641501809657E+00
-4.782822504817598E+07,-1.439835166224987E+08,2.778850470236988E+01,-9.514921703585163E+00
-4.542050018207550E+07,-1.447851103194199E+08,2.794449571007391E+01,-9.039962819374296E+00
-4.299965642401558E+07,-1.455455345741587E+08,2.809214628840133E+01,-8.561963338394456E+00
-4.056642330079360E+07,-1.462645372878727E+08,2.823125696758061E+01,-8.081177213543222E+00
-3.812154555208427E+07,-1.469418902411579E+08,2.836167760309327E+01,-7.597900299300909E+00
-3.566577834086486E+07,-1.475773918629298E+08,2.848331799649720E+01,-7.112449838381512E+00
-3.319988198746414E+07,-1.481708681012880E+08,2.859614812385332E+01,-6.625142024687307E+00
-3.072461711404425E+07,-1.487221714832543E+08,2.870018886809677E+01,-6.136273377385113E+00
-2.824074086223022E+07,-1.492311788769780E+08,2.879549726579053E+01,-5.646109698243524E+00
-2.574900444350710E+07,-1.496977886584208E+08,2.888215117317880E+01,-5.154883163454968E+00
-2.325015189987363E+07,-1.501219179109939E+08,2.896023702804758E+01,-4.662795523348822E+00
-2.074491972355585E+07,-1.505035000566926E+08,2.902984229971753E+01,-4.170024384427758E+00
-1.823403692755019E+07,-1.508424830629262E+08,2.909105247421638E+01,-3.676729871242589E+00
-1.571822521852949E+07,-1.511388281725790E+08,2.914395147812774E+01,-3.183059851106264E+00
-1.319819903425781E+07,-1.513925089860717E+08,2.918862415810086E+01,-2.689152753593827E+00
-1.067466532730051E+07,-1.516035106679572E+08,2.922515945305321E+01,-2.195137607180669E+00
-8.148323091920436E+06,-1.517718290358075E+08,2.925365294944037E+01,-1.701131309881552E+00
-5.619862744151250E+06,-1.518974693065353E+08,2.927420750368977E+01,-1.207233534192714E+00
-3.089965578452515E+06,-1.519804443318411E+08,2.928693064524227E+01,-7.135202109901678E-01
-5.593036252318739E+05,-1.520207722670742E+08,2.929192778320042E+01,-2.200372777180082E-01
1.971459714736953E+06,-1.520184737961338E+08,2.928929110487368E+01,2.732029035700624E-01
4.501667933742528E+06,-1.519735692574850E+08,2.927908553892879E+01,7.662198529100376E-01
7.030668445645963E+06,-1.518860762127445E+08,2.926133483155723E+01,1.259056273447988E+00
9.557808559864935E+06,-1.517560080670822E+08,2.923601172663232E+01,1.751762668853721E+00
1.208243091055951E+07,-1.515833742147368E+08,2.920303557849892E+01,2.244378062631206E+00
1.460386904960461E+07,-1.513681818652034E+08,2.916227847529295E+01,2.736911123159565E+00
1.712144388668609E+07,-1.511104393349788E+08,2.911357827325682E+01,3.229325644386438E+00
1.963446144012760E+07,-1.508101603232131E+08,2.905675532339128E+01,3.721532440470492E+00
2.214221207540466E+07,-1.504673686068027E+08,2.899162973644350E+01,4.213387595131865E+00
2.464397118193815E+07,-1.500821026552789E+08,2.891803718962324E+01,4.704695832860361E+00
2.713900111901081E+07,-1.496544197798493E+08,2.883584241363947E+01,5.195217762743943E+00
2.962655421048284E+07,-1.491843995177410E+08,2.874494989691899E+01,5.684680247329069E+00
3.210587651961112E+07,-1.486721460043518E+08,2.864531108459886E+01,6.172789356177910E+00
3.457621205819709E+07,-1.481177891472458E+08,2.853692706857720E+01,6.659244917526751E+00
3.703680700587676E+07,-1.475214845355043E+08,2.841984608807874E+01,7.143754883988843E+00
3.948691349752817E+07,-1.468834121969232E+08,2.829415620197463E+01,7.626047265481668E+00
4.192579262369059E+07,-1.462037744998545E+08,2.815997475915677E+01,8.105877764996183E+00
4.435271646852536E+07,-1.454827936116016E+08,2.801743706836512E+01,8.583032406579104E+00
4.676696921936405E+07,-1.447207089272566E+08,2.786668656815043E+01,9.057325795850657E+00
4.916784754911103E+07,-1.439177747825481E+08,2.770786798539748E+01,9.528596590887796E+00
5.155466055632751E+07,-1.430742586115372E+08,2.754112393273239E+01,9.996702032416575E+00
5.392672954808106E+07,-1.421904395585229E+08,2.736659455528853E+01,1.046151312798032E+01
5.628338789345036E+07,-1.412666074356258E+08,2.718441934927713E+01,1.092291161266655E+01
5.862398108891816E+07,-1.403030618406283E+08,2.699474005430185E+01,1.138078935849500E+01
6.094786707637349E+07,-1.393001112076881E+08,2.679770339200951E+01,1.183505054261344E+01
6.325441674157748E+07,-1.382580715520194E+08,2.659346225468426E+01,1.228561651540335E+01
6.554301439156419E+07,-1.371772646970531E+08,2.638217375272073E+01,1.273243274241038E+01
6.781305786956231E+07,-1.360580158641336E+08,2.616399254020230E+01,1.317547625979895E+01
7.006395785157132E+07,-1.349006506922504E+08,2.593905850342770E+01,1.361476084066031E+01
7.229513585763301E+07,-1.337054920458077E+08,2.570747967724685E+01,1.405033606883719E+01
7.450602070222294E+07,-1.324728572967269E+08,2.546931406272530E+01,1.448227685117426E+01
7.669604354618199E+07,-1.312030569694234E+08,2.522455660154912E+01,1.491066257789195E+01
7.886463228494076E+07,-1.298963955130573E+08,2.497313771794780E+01,1.533554976699462E+01
8.101120643081610E+07,-1.285531744431677E+08,2.471493619799329E+01,1.575694605620539E+01
8.313517363370413E+07,-1.271736973687562E+08,2.444980323025132E+01,1.617479368961669E+01
8.523592849424736E+07,-1.257582758700243E+08,2.417759001353732E+01,1.658896651952904E+01
8.731285363000791E+07,-1.243072350941975E+08,2.389817124509065E+01,1.699927884695562E+01
8.936532242690288E+07,-1.228209182604947E+08,2.361146032174116E+01,1.740550085162254E+01
9.139270273286611E+07,-1.212996897454941E+08,2.331741621145855E+01,1.780737527583842E+01
9.339436086594549E+07,-1.197439367980213E+08,2.301604432426182E+01,1.820463213837943E+01
9.536966553407273E+07,-1.181540701077662E+08,2.270739396895502E+01,1.859700054445838E+01
9.731799145190404E+07,-1.165305234678091E+08,2.239155406894294E+01,1.898421795627915E+01
9.923872253878286E+07,-1.148737527239310E+08,2.206864779810685E+01,1.936603750695571E+01
1.011312546121556E+08,-1.131842341672439E+08,2.173882627811927E+01,1.974223356777743E+01
1.029949975013809E+08,-1.114624625274473E+08,2.140226151943378E+01,2.011260537319848E+01
1.048293765364898E+08,-1.097089487477601E+08,2.105913912969056E+01,2.047697841447476E+01
1.066338334259559E+08,-1.079242177381600E+08,2.070965161111197E+01,2.083520358041686E+01
1.084078266119554E+08,-1.061088062863402E+08,2.035399309434277E+01,2.118715447537715E+01
1.101508312549274E+08,-1.042632612504310E+08,1.999235608581561E+01,2.153272373904974E+01
1.118623390308274E+08,-1.023881380766404E+08,1.962493036941407E+01,2.187181937607142E+01
1.135418579171399E+08,-1.004839995981641E+08,1.925190376153555E+01,2.220436206496342E+01
1.151889121014548E+08,-9.855141499504320E+07,1.887346405695067E+01,2.253028423619219E+01
1.168030420761030E+08,-9.659095873662107E+07,1.848980120616239E+01,2.284953146482949E+01
1.183838048867735E+08,-9.460320929395428E+07,1.810110846540569E+01,2.316206640771199E+01
1.199307743800407E+08,-9.258874740956859E+07,1.770758093038214E+01,2.346787500657642E+01
1.214435411459364E+08,-9.054815377135754E+07,1.730940964102023E+01,2.376697377942608E+01
1.229217117021271E+08,-8.848200609639773E+07,1.690676974732408E+01,2.405941562082742E+01
1.243649063896980E+08,-8.639087592323737E+07,1.649980273276340E+01,2.434528994960097E+01
1.257727555757049E+08,-8.427532581039152E+07,1.608859586449503E+01,2.462471243113743E+01
1.271448942071494E+08,-8.213590798368266E+07,1.567316607176102E+01,2.489780166490569E+01
1.284809554990618E+08,-7.997316547281156E+07,1.525345747704492E+01,2.516464602919016E+01
1.297805652343451E+08,-7.778763619040102E+07,1.482935836052370E+01,2.542527086057981E+01
1.310433382945506E+08,-7.557985936313449E+07,1.440073447964252E+01,2.567961875270316E+01
1.322688783749171E+08,-7.335038279648097E+07,1.396746711891268E+01,2.592755039159341E+01
1.334567807038213E+08,-7.109976923992278E+07,1.352948274090780E+01,2.616886331777715E+01
1.346066366786112E+08,-6.882860069839989E+07,1.308676725626003E+01,2.640331884869840E+01
1.357180390878710E+08,-6.653748043751071E+07,1.263936605707620E+01,2.663066718423669E+01
1.367905869238813E+08,-6.422703311282827E+07,1.218737558262878E+01,2.685066527490654E+01
1.378238893191763E+08,-6.189790370078178E+07,1.173093230245616E+01,2.706308690634359E+01
1.388175685596780E+08,-5.955075582181469E+07,1.127020274324835E+01,2.726772712961121E+01
1.397712623325984E+08,-5.718626982986751E+07,1.080537579819610E+01,2.746440363246784E+01
1.406846254024134E+08,-5.480514084420295E+07,1.033665706656828E+01,2.765295693283815E+01
1.415573308572841E+08,-5.240807677969833E+07,9.864264433550156E+00,2.783325029758251E+01
1.423890710010220E+08,-4.999579638885175E+07,9.388424198029742E+00,2.800516953387078E+01
1.431795579215212E+08,-4.756902733498507E+07,8.909367440390580E+00,2.816862242733466E+01
1.439285237578569E+08,-4.512850433845939E+07,8.427326721038492E+00,2.832353758786159E+01
1.446357207079422E+08,-4.267496744976179E+07,7.942533439111611E+00,2.846986269050444E+01
1.453009208491847E+08,-4.020916049110162E+07,7.455216190641691E+00,2.860756240760471E+01
1.459239158667322E+08,-3.773182967091271E+07,6.965600271211010E+00,2.873661657984843E+01
1.465045167831511E+08,-3.524372232226788E+07,6.473908146534681E+00,2.885701928842219E+01
1.470425537520913E+08,-3.274558565976759E+07,5.980360338535345E+00,2.896877944597125E+01
1.475378759138220E+08,-3.023816540386717E+07,5.485175780274530E+00,2.907192331515622E+01
1.479903512115730E+08,-2.772220410268461E+07,4.988570299579456E+00,2.916649893941490E+01
1.483998659372799E+08,-2.519843901261684E+07,4.490751584141746E+00,2.925258170807232E+01
1.487663236314624E+08,-2.266759951599447E+07,3.991909046856686E+00,2.933027904446527E+01
1.490896428599357E+08,-2.013040429582432E+07,3.492198031521258E+00,2.939973060771413E+01
1.493697534429464E+08,-1.758755885816915E+07,2.991720450731375E+00,2.946109923255459E+01
1.496065910672365E+08,-1.503975438467985E+07,2.490508133792195E+00,2.951454885546985E+01
1.498000909247524E+08,-1.248766903635018E+07,1.988518682426166E+00,2.956021070031889E+01
1.499501818581308E+08,-9.931972375205690E+06,1.485652217970432E+00,2.959814716254144E+01
1.500567828828152E+08,-7.373332463557176E+06,9.817885263004900E-01,2.962832851260301E+01
1.501198033876374E+08,-4.812423968707161E+06,4.768322255657977E-01,2.965063397738637E+01
1.501391469451736E+08,-2.249935098272035E+06,-2.925154879715678E-02,2.966487643262480E+01
1.501147173521096E+08,3.134281958593015E+05,-5.364220843040969E-01,2.967083835437097E+01
1.500464250667964E+08,2.876941065838363E+06,-1.044567956864267E+00,2.966830445065433E+01
1.499341926643742E+08,5.439860961498605E+06,-1.553523221019183E+00,2.965708263787711E+01
1.497779587464984E+08,8.001430091098202E+06,-2.063085699386531E+00,2.963701280077359E+01
1.495776803965858E+08,1.056087824269341E+07,-2.573031795518524E+00,2.960796716202305E+01
1.493333345754753E+08,1.311742543942062E+07,-3.083126187226402E+00,2.956984673736301E+01
1.490449188790940E+08,1.567028424121303E+07,-3.593127131093639E+00,2.952257709554616E+01
1.487124519714432E+08,1.821866171445822E+07,-4.102788948128261E+00,2.946610507199319E+01
1.483359738689474E+08,2.076176117857908E+07,-4.611863199915827E+00,2.940039689562926E+01
1.479155461391313E+08,2.329878384470699E+07,-5.120099631824427E+00,2.932543748865643E+01
1.474512520059277E+08,2.582893042542036E+07,-5.627247442829911E+00,2.924123039891163E+01
1.469431963262087E+08,2.835140274582854E+07,-6.133056981186934E+00,2.914779781959690E+01
1.463915054086043E+08,3.086540534669278E+07,-6.637281646259001E+00,2.904518035194019E+01
1.457963266713783E+08,3.337014705350056E+07,-7.139679657499274E+00,2.893343647602405E+01
1.451578281626308E+08,3.586484249606888E+07,-7.640015451785764E+00,2.881264200095887E+01
1.444761979753759E+08,3.834871359612398E+07,-8.138060759567182E+00,2.868288995685232E+01
1.437516435686479E+08,4.082099108151242E+07,-8.633595816857254E+00,2.854429138073393E+01
1.429843909475266E+08,4.328091611503371E+07,-9.126411599632583E+00,2.839697717488987E+01
1.421746835628684E+08,4.572774211820027E+07,-9.616314295542658E+00,2.824110062336179E+01
1.413227806825140E+08,4.816073679581183E+07,-1.010313324448801E+01,2.807683919776762E+01
1.404289549016168E+08,5.057918419661660E+07,-1.058673290764577E+01,2.790439304670748E+01
1.394934884812940E+08,5.298238637056872E+07,-1.106702757588506E+01,2.772397652118191E+01
1.385166684455851E+08,5.536966386648279E+07,-1.154399435013963E+01,2.753579941543740E+01
1.374987809046252E+08,5.774035414329365E+07,-1.201767658981911E+01,2.734003789660707E+01
1.364401057968338E+08,6.009380723320518E+07,-1.248816968811871E+01,2.713680169493493E+01
1.353409137373077E+08,6.242937886679775E+07,-1.295558704612596E+01,2.692611063176957E+01
1.342014663777786E+08,6.474642246342152E+07,-1.342001524415817E+01,2.670789341813737E+01
1.330220204950462E+08,6.704428213911822E+07,-1.388147557815389E+01,2.648201172585550E+01
1.318028345734659E+08,6.932228855022261E+07,-1.433990633805525E+01,2.624829917830287E+01
1.305441758859401E+08,7.157975815572616E+07,-1.479516829945655E+01,2.600659889046657E+01
1.292463263803961E+08,7.381599520890138E+07,-1.524706495271667E+01,2.575678794524178E+01
1.279095866016077E+08,7.603029518691628E+07,-1.569536602306376E+01,2.549878652520439E+01
1.265342777393060E+08,7.822194848876607E+07,-1.613982647773466E+01,2.523255597465516E+01
1.251207423393073E+08,8.039024370290387E+07,-1.658019838949479E+01,2.495809169364607E+01
1.236693442758552E+08,8.253447020698459E+07,-1.701623647446161E+01,2.467541535152486E+01
1.221804684436739E+08,8.465392015821216E+07,-1.744769941906772E+01,2.438456880907320E+01
1.206545204399267E+08,8.674789006469473E+07,-1.787434910293667E+01,2.408561053220981E+01
1.190919263439620E+08,8.881568215138946E+07,-1.829594933467832E+01,2.377861435020845E+01
1.174931325871163E+08,9.085660569932574E+07,-1.871226516581087E+01,2.346366995757383E+01
1.158586058346020E+08,9.286997847561052E+07,-1.912306335476219E+01,2.314088437813635E+01
1.141888327710907E+08,9.485512830281515E+07,-1.952811412348275E+01,2.281038360361775E+01
1.124843196852857E+08,9.681139475347693E+07,-1.992719399470728E+01,2.247231376384845E+01
1.107455917779901E+08,9.873813091113281E+07,-2.032008927363104E+01,2.212684146416338E+01
1.089731921584731E+08,1.006347051225489E+08,-2.070659971584544E+01,2.177415326790302E+01
1.071676805260521E+08,1.025005026768429E+08,-2.108654213295804E+01,2.141445457738748E+01
1.053296315396778E+08,1.043349273735934E+08,-2.145975406597887E+01,2.104796822312093E+01
1.034596328496912E+08,1.061374029595989E+08,-2.182609804196882E+01,2.067493279865104E+01
1.015582827120697E+08,1.079073743928754E+08,-2.218546708411699E+01,2.029560016468621E+01
9.962618705820498E+07,1.096443088077508E+08,-2.253779179064901E+01,1.991023072426121E+01
9.766395590823448E+07,1.113476959021081E+08,-2.288304817846501E+01,1.951908440169553E+01
9.567219916341954E+07,1.130170472871713E+08,-2.322126357368433E+01,1.912240542337715E+01
9.365152214109507E+07,1.146518942422335E+08,-2.355251575265045E+01,1.872040088617091E+01
9.160252167331044E+07,1.162517834741249E+08,-2.387691998330642E+01,1.831321706999195E+01
8.952578394904543E+07,1.178162710268359E+08,-2.419460175853220E+01,1.790092200078854E+01
8.742188518307206E+07,1.193449153176520E+08,-2.450566014686997E+01,1.748350408214095E+01
8.529139543698756E+07,1.208372709461009E+08,-2.481013382883287E+01,1.706089132366429E+01
8.313488477639093E+07,1.222928848911578E+08,-2.510798271944144E+01,1.663298564708978E+01
8.095293010881007E+07,1.237112958643773E+08,-2.539909058797470E+01,1.619969925354691E+01
7.874612103261824E+07,1.250920364324146E+08,-2.568328384568510E+01,1.576098082608189E+01
7.651506373315525E+07,1.264346367560192E+08,-2.596035617401266E+01,1.531682662984094E+01
7.426038283837709E+07,1.277386287060078E+08,-2.623008999369808E+01,1.486727896927333E+01
7.198272172641321E+07,1.290035495061648E+08,-2.649227053234891E+01,1.441241778775849E+01
6.968274194926889E+07,1.302289445514605E+08,-2.674669244849918E+01,1.395235070224822E+01
6.736112233551994E+07,1.314143694216624E+08,-2.699316104485938E+01,1.348720470279424E+01
6.501855813461805E+07,1.325593913024513E+08,-2.723149046838679E+01,1.301712083592088E+01
6.265576037324311E+07,1.336635900833962E+08,-2.746150088651832E+01,1.254225199910070E+01
6.027345544603752E+07,1.347265593842089E+08,-2.768301608519068E+01,1.206276337863736E+01
5.787238485839755E+07,1.357479077064868E+08,-2.789586248536716E+01,1.157883477344642E+01
5.545330496913461E+07,1.367272598342792E+08,-2.809987020280709E+01,1.109066386015345E+01
5.301698654340477E+07,1.376642585187983E+08,-2.829487638180765E+01,1.059846931854012E+01
5.056421392615195E+07,1.385585663872271E+08,-2.848073056392603E+01,1.010249271976454E+01
4.809578368837377E+07,1.394098679278190E+08,-2.865730136563963E+01,9.602998287362283E+00
4.561250267761755E+07,1.402178713449258E+08,-2.882448340170331E+01,9.100270102373599E+00
4.311518549918416E+07,1.409823100657667E+08,-2.898220338073114E+01,8.594606908376567E+00
4.060465153424399E+07,1.417029437153940E+08,-2.913042465238398E+01,8.086315114651027E+00
3.808172164086171E+07,1.423795584336590E+08,-2.926915000599026E+01,7.575700650521114E+00
3.554721468433999E+07,1.430119664510307E+08,-2.939842284706232E+01,7.063059957329422E+00
3.300194403617359E+07,1.436000048420070E+08,-2.951832668824044E+01,6.548669887709437E+00
3.044671421575889E+07,1.441435333432895E+08,-2.962898213411533E+01,6.032776117262442E+00
2.788231796162680E+07,1.446424311123254E+08,-2.973053960116512E+01,5.515580369203462E+00
2.530953419155708E+07,1.450965923951798E+08,-2.982316573211878E+01,4.997228457113968E+00
2.272912744340554E+07,1.455059213371259E+08,-2.990702281174987E+01,4.477803211930580E+00
2.014184931923179E+07,1.458703265720518E+08,-2.998224374072224E+01,3.957327179393378E+00
1.754844206668115E+07,1.461897165821351E+08,-3.004890887382536E+01,3.435777859669365E+00
1.494964379891107E+07,1.464639968569888E+08,-3.010703242846883E+01,2.913113271825628E+00
1.234619428431685E+07,1.466930694580152E+08,-3.015656322039882E+01,2.389300585548497E+00
9.738840075227262E+06,1.468768348703061E+08,-3.019739851671651E+01,1.864339144324082E+00
7.128338087486547E+06,1.470151953861043E+08,-3.022940477542741E+01,1.338272420364731E+00
4.515457360611977E+06,1.471080590183955E+08,-3.025243792391002E+01,8.111887009885691E-01
1.900979276433691E+06,1.471553431110720E+08,-3.026635823712304E+01,2.832141550948046E-01
-7.143032104408472E+05,1.471569771905366E+08,-3.027103834358305E+01,-2.454970643705442E-01
-3.329586768582700E+06,1.471129049699914E+08,-3.026636538748818E+01,-7.747720734463787E-01
-5.944058892625031E+06,1.470230856582167E+08,-3.025223938685325E+01,-1.304425903661977E+00
-8.556898874447761E+06,1.468874948334067E+08,-3.022856982307266E+01,-1.834264894988027E+00
-1.116727846441785E+07,1.467061251618570E+08,-3.019527211932648E+01,-2.364086954280660E+00
-1.377436227128261E+07,1.464789872121991E+08,-3.015226530546293E+01,-2.893679194880839E+00
-1.637730805015087E+07,1.462061105588585E+08,-3.009947192015741E+01,-3.422813762570512E+00
-1.897526710891688E+07,1.458875452842316E+08,-3.003682095740698E+01,-3.951243008337491E+00
-2.156738511629742E+07,1.455233638705803E+08,-2.996425422330615E+01,-4.478695591384520E+00
-2.415280359473546E+07,1.451136633212021E+08,-2.988173567634209E+01,-5.004875385374257E+00
-2.673066229892559E+07,1.446585671920011E+08,-2.978926224268383E+01,-5.529464874191416E+00
-2.930010250530067E+07,1.441582271033499E+08,-2.968687362043745E+01,-6.052133796435085E+00
-3.186027100417645E+07,1.436128233003751E+08,-2.957465831507998E+01,-6.572552258053644E+00
-3.441032437546580E+07,1.430225639657278E+08,-2.945275396784816E+01,-7.090406025324396E+00
-3.694943302916635E+07,1.423876832231141E+08,-2.932134168367108E+01,-7.605411060829611E+00
-3.947678453942610E+07,1.417084380073006E+08,-2.918063566168651E+01,-8.117324932198725E+00
-4.199158595184129E+07,1.409851041261396E+08,-2.903087012593907E+01,-8.625954047399171E+00
-4.449306490639465E+07,1.402179718765044E+08,-2.887228518042242E+01,-9.131156817225321E+00
-4.698046952286624E+07,1.394073415475790E+08,-2.870511238036583E+01,-9.632843141555234E+00
-4.945306704021080E+07,1.385535191281630E+08,-2.852956039018703E+01,-1.013097012644564E+01
-5.191014124706575E+07,1.376568125695382E+08,-2.834580156351941E+01,-1.062553338384519E+01
-5.435098885709010E+07,1.367175290092883E+08,-2.815396134131990E+01,-1.111655350048705E+01
-5.677491518391733E+07,1.357359733457388E+08,-2.795411307528819E+01,-1.160405862004026E+01
-5.918122968133703E+07,1.347124483896628E+08,-2.774628028429474E+01,-1.208806595638667E+01
-6.156924200774252E+07,1.336472565181343E+08,-2.753044631325845E+01,-1.256856617131167E+01
-6.393825916256502E+07,1.325407024284668E+08,-2.730656890424522E+01,-1.304551393996782E+01
-6.628758395372719E+07,1.313930963875563E+08,-2.707459575438616E+01,-1.351882590318481E+01
-6.861651471693347E+07,1.302047573754737E+08,-2.683447744074774E+01,-1.398838479831200E+01
-7.092434595776141E+07,1.289760156995568E+08,-2.658617567730150E+01,-1.445404708813107E+01
-7.321036949195427E+07,1.277072149024065E+08,-2.632966668092705E+01,-1.491565124737203E+01
-7.547387569943210E+07,1.263987130051050E+08,-2.606494067113633E+01,-1.537302459414668E+01
-7.771415462267883E+07,1.250508832676783E+08,-2.579199903332766E+01,-1.582598751478352E+01
-7.993049677500904E+07,1.236641147129334E+08,-2.551085068400940E+01,-1.627435470145998E+01
-8.212219365068622E+07,1.222388126696374E+08,-2.522150902299316E+01,-1.671793351656727E+01
-8.428853804323505E+07,1.207753995654940E+08,-2.492399074970992E+01,-1.715651995524972E+01
-8.642882438636184E+07,1.192743161421787E+08,-2.461831776684757E+01,-1.758989311091090E+01
-8.854234943134199E+07,1.177360231598380E+08,-2.430452320137917E+01,-1.801780970748293E+01
-9.062841363946830E+07,1.161610034880644E+08,-2.398266190065387E+01,-1.844000108300253E+01
-9.268632364245287E+07,1.145497642460370E+08,-2.365282431221289E+01,-1.885617556162983E+01
-9.471539594144450E+07,1.129028384114511E+08,-2.331515056476191E+01,-1.926602865895596E+01
-9.671496165577659E+07,1.112207851882901E+08,-2.296983978517515E+01,-1.966926137811196E+01
-9.868437168826628E+07,1.095041885483843E+08,-2.261714976402270E+01,-2.006560334083698E+01
-1.006230013559317E+08,1.077536537849115E+08,-2.225738494303747E+01,-2.045483450769573E+01
-1.025302535534998E+08,1.059698024899986E+08,-2.189087525406179E+01,-2.083679903771266E+01
-1.044055599036868E+08,1.041532668104434E+08,-2.151795180707394E+01,-2.121140796117865E+01
-1.062483799017870E+08,1.023046839297157E+08,-2.113892564909618E+01,-2.157863177932968E+01
-1.080581984989626E+08,1.004246914827521E+08,-2.075407316763546E+01,-2.193848704697776E+01
-1.098345227315464E+08,9.851392423137662E+07,-2.036362843307885E+01,-2.229102121735325E+01
-1.115768779314671E+08,9.657301202136375E+07,-1.996778082031089E+01,-2.263629840310786E+01
-1.132848038900850E+08,9.460257889558248E+07,-1.956667605201007E+01,-2.297438687747723E+01
-1.149578512187004E+08,9.260324321579321E+07,-1.916041961341641E+01,-2.330534818006453E+01
-1.165955780962962E+08,9.057561866160636E+07,-1.874908230203052E+01,-2.362922772989084E+01
-1.181975475890189E+08,8.852031596161407E+07,-1.833270788869876E+01,-2.394604738158275E+01
-1.197633257091659E+08,8.643794515448573E+07,-1.791132244459769E+01,-2.425580074326719E+01
-1.212924803142900E+08,8.432911810976738E+07,-1.748494423026262E+01,-2.455845191130629E+01
-1.227845808314473E+08,8.219445100802341E+07,-1.705359265393012E+01,-2.485393760284615E+01
-1.242391986654093E+08,8.003456651743801E+07,-1.661729496510753E+01,-2.514217185222043E+01
-1.256559080588893E+08,7.785009550263406E+07,-1.617608997039004E+01,-2.542305189127454E+01
-1.270342871445820E+08,7.564167822784297E+07,-1.573002882589098E+01,-2.569646374436172E+01
-1.283739189619345E+08,7.340996513316090E+07,-1.527917357764682E+01,-2.596228635378559E+01
-1.296743922866308E+08,7.115561734610356E+07,-1.482359447292856E+01,-2.622039349646596E+01
-1.309353022165527E+08,6.887930713540618E+07,-1.436336721378434E+01,-2.647065318611933E+01
-1.321562505626410E+08,6.658171852356435E+07,-1.389857140256131E+01,-2.671292464300294E+01
-1.333368462048253E+08,6.426354824931341E+07,-1.342929151788649E+01,-2.694705335816066E+01
-1.344767056911123E+08,6.192550719879393E+07,-1.295562178408340E+01,-2.717286545457632E+01
-1.355754544652153E+08,5.956832227889845E+07,-1.247767595597045E+01,-2.739016355758777E+01
-1.366327291525199E+08,5.719273846513564E+07,-1.199560183798390E+01,-2.759872751863949E+01
-1.376481812221950E+08,5.479952043894034E+07,-1.150959792199803E+01,-2.779832377640533E+01
-1.386214819804697E+08,5.238945295190929E+07,-1.101992635954187E+01,-2.798872554208013E+01
-1.395523282499756E+08,4.996333903915221E+07,-1.052691462392488E+01,-2.816974152496540E+01
-1.404404474900616E+08,4.752199565661485E+07,-1.003094048111173E+01,-2.834124507037418E+01
-1.412856009251787E+08,4.506624718605956E+07,-9.532401906971634E+00,-2.850319260918145E+01
-1.420875837446952E+08,4.259691810746188E+07,-9.031681404331705E+00,-2.865562385913158E+01
-1.428462224208084E+08,4.011482644055180E+07,-8.529116798515936E+00,-2.879864472475697E+01
-1.435613700834779E+08,3.762077912820038E+07,-8.024986101865116E+00,-2.893240114157210E+01
-1.442329012224629E+08,3.511556971432936E+07,-7.519506528825252E+00,-2.905705352001213E+01
-1.448607067424910E+08,3.259997797039139E+07,-7.012842627335339E+00,-2.917275776505165E+01
-1.454446898995606E+08,3.007477082133468E+07,-6.505117688620079E+00,-2.927965404557851E+01
-1.459847632157299E+08,2.754070396763767E+07,-5.996424557295259E+00,-2.937786148851762E+01
-1.464808462426224E+08,2.499852380275184E+07,-5.486834393820212E+00,-2.946747625232905E+01
-1.469328639961141E+08,2.244896942275085E+07,-4.976403552459661E+00,-2.954857109041804E+01
-1.473407459303915E+08,1.989277464387084E+07,-4.465179315681691E+00,-2.962119553882708E+01
-1.477044253809594E+08,1.733066998159681E+07,-3.953205079848926E+00,-2.968537664706129E+01
-1.480238394388277E+08,1.476338453438581E+07,-3.440525134372874E+00,-2.974112049907136E+01
-1.482989292112485E+08,1.219164769513504E+07,-2.927188761485514E+00,-2.978841468277126E+01
-1.485296403911995E+08,9.616190612960959E+06,-2.413253210299417E+00,-2.982723154146508E+01
-1.487159240222053E+08,7.037747357654413E+06,-1.898785210620094E+00,-2.985753169740593E+01
-1.488577373287105E+08,4.457055793198147E+06,-1.383861004341775E+00,-2.987926713898225E+01
-1.489550444966182E+08,1.874858229241041E+06,-8.685652502305489E-01,-2.989238316606403E+01
-1.490078173345967E+08,-7.080980261322664E+05,-3.529895006084959E-01,-2.989681866232770E+01
-1.490160358194666E+08,-3.291060055112327E+06,1.627687767928120E-01,-2.989250445956782E+01
-1.489796886228938E+08,-5.873268499799923E+06,6.786054394005285E-01,-2.987935997594709E+01
-1.488987738264221E+08,-8.453956392714918E+06,1.194405846582938E+00,-2.985728892739084E+01
-1.487733001439120E+08,-1.103234763473913E+07,1.710036775716446E+00,-2.982617583752907E+01
-1.486032890460833E+08,-1.360765530681368E+07,2.225333681324689E+00,-2.978588626749809E+01
-1.483887781396463E+08,-1.617908030052309E+07,2.740084906626936E+00,-2.973627463868259E+01
-1.481298258787723E+08,-1.874581108005049E+07,3.254017760833420E+00,-2.967720295924389E+01
-1.478265171127236E+08,-2.130702554211797E+07,3.766794591044508E+00,-2.960857010488655E+01
-1.474789682404975E+08,-2.386189563268464E+07,4.278026795274461E+00,-2.953034454737923E+01
-1.470873302915495E+08,-2.640959447745525E+07,4.787308181167748E+00,-2.944258741840143E+01
-1.466517885910457E+08,-2.894930462633439E+07,5.294258255280686E+00,-2.934545383360373E+01
-1.461725588433376E+08,-3.148022535168522E+07,5.798559064393579E+00,-2.923917044104635E+01
-1.456498808093341E+08,-3.400157731234787E+07,6.299972736074048E+00,-2.912399929752184E+01
-1.450840114075348E+08,-3.651260404708192E+07,6.798337955869494E+00,-2.900020290718915E+01
-1.444752187714319E+08,-3.901257089287290E+07,7.293553049667999E+00,-2.886802057307544E+01
-1.438237779819293E+08,-4.150076244574316E+07,7.785555616437868E+00,-2.872765804078772E+01
-1.431299684498184E+08,-4.397647958237565E+07,8.274305431547040E+00,-2.857928686766640E+01
-1.423940725373327E+08,-4.643903666740020E+07,8.759772942393360E+00,-2.842304858427750E+01
-1.416163749481107E+08,-4.888775918571658E+07,9.241932742330285E+00,-2.825905990017012E+01
-1.407971625274516E+08,-5.132198179378207E+07,9.720760290490910E+00,-2.808741700897032E+01
-1.399367242681738E+08,-5.374104668131716E+07,1.019623018832211E+01,-2.790819846659203E+01
-1.390353514420929E+08,-5.614430212858690E+07,1.066831485481411E+01,-2.772146692538243E+01
-1.380933378503315E+08,-5.853110118483353E+07,1.113698305698730E+01,-2.752727030514356E+01
-1.371109802097450E+08,-6.090080044328627E+07,1.160219825331353E+01,-2.732564292812350E+01
-1.360885786819459E+08,-6.325275892351767E+07,1.206391700387733E+01,-2.711660688649074E+01
-1.350264375252184E+08,-6.558633708102705E+07,1.252208776056659E+01,-2.690017358436744E+01
-1.339248658278981E+08,-6.790089594646591E+07,1.297665019552872E+01,-2.667634512646296E+01
-1.327841782803933E+08,-7.019579636205874E+07,1.342753492495198E+01,-2.644511510452450E+01
-1.316046959707376E+08,-7.247039824580652E+07,1.387466312770933E+01,-2.620646840954989E+01
-1.303867472464829E+08,-7.472405979290156E+07,1.431794523012560E+01,-2.596037998855651E+01
-1.291306687677530E+08,-7.695613653749195E+07,1.475727761506557E+01,-2.570681298474191E+01
-1.278368069671211E+08,-7.916598026733267E+07,1.519253635413424E+01,-2.544571747085313E+01
-1.265055201994534E+08,-8.135293792973197E+07,1.562356751721158E+01,-2.517703196385190E+01
-1.251371818483485E+08,-8.351635089685518E+07,1.605017507022455E+01,-2.490069077892028E+01
-1.237321844646645E+08,-8.565555523006864E+07,1.647210994491968E+01,-2.461664018673177E+01
-1.222909445704976E+08,-8.776988375652307E+07,1.688906686002370E+01,-2.432486393096968E+01
